date,vehicle,vehicle_type,vehicle_group,gps_km,gps_usage_hours,gps_drive_hours,gps_working_hours,gps_idle_hours,lifting_hours,typed_km,fs_mileage_km,fs_refuel_litres,fs_drain_litres,measured_litres,split
2026-03-12,Prime Mover,Truck,Truck,62.6,3.76,2.89,3.18,0.29,0.0,,62.6,93.8,162.6,33.9,train
2026-03-16,Prime Mover,Truck,Truck,57.0,5.18,2.79,4.24,1.45,0.0,,57.0,0.0,56.3,30.5,train
2026-04-09,Prime Mover,Truck,Truck,19.2,3.63,1.53,3.21,1.68,0.0,40.0,19.2,127.9,0.0,18.6,train
2026-04-10,Prime Mover,Truck,Truck,93.2,7.17,4.0,6.69,2.7,0.0,52.0,93.2,94.3,0.0,66.2,train
2026-04-13,Prime Mover,Truck,Truck,35.2,8.89,2.28,7.26,4.98,0.0,,35.2,0.0,71.2,39.5,train
2026-04-14,Prime Mover,Truck,Truck,12.7,6.48,2.13,3.31,1.18,0.0,50.0,12.7,61.2,0.0,32.1,train
2026-04-15,Prime Mover,Truck,Truck,10.2,3.78,1.52,2.63,1.11,0.0,,10.2,0.0,0.0,17.0,train
2026-04-16,Prime Mover,Truck,Truck,40.6,3.95,2.32,3.81,1.5,0.0,45.0,40.6,147.6,0.0,41.5,train
2026-04-17,Prime Mover,Truck,Truck,8.2,6.23,1.47,5.28,3.81,0.0,10.0,8.2,0.0,0.0,23.5,train
2026-04-21,Prime Mover,Truck,Truck,65.6,5.23,3.01,4.39,1.38,0.0,70.0,65.6,80.9,0.0,48.0,train
2026-04-22,Prime Mover,Truck,Truck,52.4,6.32,2.94,3.39,0.46,0.0,,52.4,49.9,0.0,33.6,train
2026-04-23,Prime Mover,Truck,Truck,58.9,7.61,2.96,5.27,2.32,0.0,90.0,58.9,100.7,0.0,49.2,train
2026-04-24,Prime Mover,Truck,Truck,0.0,1.95,0.37,1.95,1.58,0.0,,0.0,0.0,0.0,3.5,train
2026-04-27,Prime Mover,Truck,Truck,2.0,2.01,0.47,1.91,1.45,0.0,,2.0,191.6,86.0,21.9,train
2026-04-29,Prime Mover,Truck,Truck,64.7,8.2,3.44,7.53,4.09,0.0,77.0,64.7,97.5,0.0,72.5,train
2026-04-30,Prime Mover,Truck,Truck,91.8,18.49,4.02,5.29,1.27,0.0,,91.8,0.0,0.0,60.8,train
2026-05-01,Prime Mover,Truck,Truck,1.4,9.4,1.1,3.37,2.27,0.0,,1.4,0.0,0.0,14.6,train
2026-05-02,Prime Mover,Truck,Truck,0.0,6.58,0.53,0.53,0.0,0.0,,0.0,0.0,0.0,1.6,train
2026-05-03,Prime Mover,Truck,Truck,0.0,1.04,0.45,0.64,0.19,0.0,,0.0,0.0,0.0,0.7,train
2026-05-04,Prime Mover,Truck,Truck,20.3,8.56,2.02,3.15,1.13,0.0,20.0,20.3,0.0,50.0,17.4,train
2026-05-05,Prime Mover,Truck,Truck,0.0,7.4,0.63,0.73,0.1,0.0,,0.0,0.0,0.0,8.7,train
2026-05-07,Prime Mover,Truck,Truck,0.0,0.62,0.47,0.62,0.15,0.0,,0.0,0.0,100.0,0.6,train
2026-05-08,Prime Mover,Truck,Truck,19.4,9.13,4.39,4.52,0.13,0.0,35.0,19.4,46.8,0.0,26.1,train
2026-05-09,Prime Mover,Truck,Truck,10.1,4.3,1.28,3.5,2.22,0.0,25.0,10.1,0.0,0.0,14.6,train
2026-05-10,Prime Mover,Truck,Truck,5.8,9.12,1.47,3.27,1.8,0.0,25.0,5.8,0.0,0.0,12.0,train
2026-05-14,Prime Mover,Truck,Truck,9.9,14.06,1.97,4.36,2.39,0.0,,9.9,0.0,0.0,16.5,train
2026-05-15,Prime Mover,Truck,Truck,110.5,7.81,5.55,6.9,1.35,0.0,,110.5,0.0,0.0,92.0,train
2026-05-16,Prime Mover,Truck,Truck,0.0,0.21,0.08,0.11,0.03,0.0,,0.0,0.0,0.0,4.9,train
2026-05-19,Prime Mover,Truck,Truck,82.8,9.13,4.7,7.12,2.43,0.0,85.0,82.8,129.2,0.0,62.9,train
2026-05-21,Prime Mover,Truck,Truck,0.0,0.73,0.54,0.58,0.04,0.0,,0.0,0.0,0.0,1.1,train
2026-05-22,Prime Mover,Truck,Truck,0.0,0.29,0.29,0.29,0.0,0.0,,0.0,0.0,0.0,1.9,test
2026-05-23,Prime Mover,Truck,Truck,0.0,0.49,0.38,0.44,0.05,0.0,,0.0,0.0,0.0,1.6,test
2026-05-25,Prime Mover,Truck,Truck,91.7,8.37,3.79,8.1,4.31,0.0,55.0,91.7,59.3,0.0,59.3,test
2026-05-26,Prime Mover,Truck,Truck,74.5,5.91,3.7,5.4,1.69,0.0,90.0,74.5,92.8,0.0,47.3,test
2026-05-30,Prime Mover,Truck,Truck,9.5,2.73,1.25,2.62,1.37,0.0,60.0,9.5,65.3,0.0,9.4,test
2026-05-31,Prime Mover,Truck,Truck,79.7,5.4,3.21,5.4,2.19,0.0,80.0,79.7,0.0,0.0,50.1,test
2026-06-02,Prime Mover,Truck,Truck,46.1,5.85,2.73,4.0,1.28,0.0,,45.1,284.6,0.0,27.7,test
2026-06-07,Prime Mover,Truck,Truck,13.2,3.87,1.44,1.94,0.51,0.0,,13.2,0.0,48.0,7.9,test
2026-04-09,Truck Crane 01,Crane,Crane,2.4,6.25,1.25,4.49,3.24,4.0,2.0,2.4,52.8,0.0,21.0,train
2026-04-10,Truck Crane 01,Crane,Crane,2.6,5.2,1.02,3.83,2.82,4.0,2.0,2.6,52.4,0.0,20.9,train
2026-04-17,Truck Crane 01,Crane,Crane,27.6,6.71,2.94,4.8,1.86,5.0,26.0,27.6,68.7,0.0,38.9,train
2026-04-22,Truck Crane 01,Crane,Crane,2.3,6.99,1.16,5.3,4.13,4.0,20.0,2.3,49.8,0.0,17.8,train
2026-04-23,Truck Crane 01,Crane,Crane,75.5,8.65,4.06,8.33,4.27,2.0,90.0,75.5,66.3,0.0,50.3,train
2026-04-24,Truck Crane 01,Crane,Crane,2.5,7.22,0.75,5.92,5.16,4.0,2.0,2.5,52.9,0.0,28.7,train
2026-04-25,Truck Crane 01,Crane,Crane,47.8,3.4,2.01,3.4,1.39,1.0,67.0,47.8,45.0,0.0,42.0,train
2026-04-29,Truck Crane 01,Crane,Crane,76.5,8.58,4.08,8.58,4.5,2.0,85.0,76.5,64.5,0.0,62.9,train
2026-04-30,Truck Crane 01,Crane,Crane,2.0,1.64,0.53,1.64,1.11,2.0,15.0,2.0,36.3,0.0,22.1,train
2026-05-02,Truck Crane 01,Crane,Crane,2.7,5.66,1.43,4.35,2.91,2.0,2.0,2.7,31.3,0.0,26.1,train
2026-05-03,Truck Crane 01,Crane,Crane,2.9,2.16,1.25,2.16,0.91,4.0,2.0,2.9,49.8,0.0,24.2,train
2026-05-04,Truck Crane 01,Crane,Crane,2.0,6.05,1.16,3.96,2.79,4.0,5.0,2.0,50.2,0.0,12.1,train
2026-05-05,Truck Crane 01,Crane,Crane,20.2,3.31,1.81,3.31,1.5,1.0,15.0,20.2,0.0,0.0,8.2,train
2026-05-07,Truck Crane 01,Crane,Crane,50.8,8.39,3.37,6.61,3.24,4.0,2.0,50.8,48.6,0.0,41.0,train
2026-05-08,Truck Crane 01,Crane,Crane,65.1,13.21,3.32,6.52,3.2,3.0,60.0,65.1,61.7,0.0,59.0,train
2026-05-09,Truck Crane 01,Crane,Crane,5.9,6.27,1.31,6.27,4.96,5.0,25.0,5.9,52.4,0.0,22.3,train
2026-05-13,Truck Crane 01,Crane,Crane,2.1,15.14,0.87,1.78,0.91,1.0,5.0,2.1,0.0,0.0,10.3,train
2026-05-15,Truck Crane 01,Crane,Crane,33.2,19.81,2.31,2.75,0.44,2.0,30.0,33.2,38.5,0.0,41.7,train
2026-05-16,Truck Crane 01,Crane,Crane,59.4,4.63,2.22,3.99,1.77,4.0,54.0,59.4,64.1,0.0,31.6,train
2026-05-18,Truck Crane 01,Crane,Crane,82.1,10.23,0.75,10.23,9.48,5.0,85.0,82.1,87.0,0.0,49.1,train
2026-05-19,Truck Crane 01,Crane,Crane,74.0,10.65,3.61,10.65,7.04,5.0,80.0,74.0,86.7,0.0,67.1,train
2026-05-20,Truck Crane 01,Crane,Crane,83.7,11.49,2.74,6.26,3.52,3.0,90.0,83.7,72.8,38.0,48.6,train
2026-05-21,Truck Crane 01,Crane,Crane,54.9,12.84,2.55,4.82,2.27,2.0,59.0,54.9,45.4,0.0,58.1,train
2026-05-22,Truck Crane 01,Crane,Crane,9.8,3.54,1.83,3.14,1.3,4.0,7.0,9.8,54.1,32.1,22.6,train
2026-05-23,Truck Crane 01,Crane,Crane,54.4,8.55,2.75,7.19,4.44,4.0,60.0,54.4,76.9,0.0,49.0,train
2026-05-25,Truck Crane 01,Crane,Crane,2.2,4.16,0.88,3.47,2.59,4.0,4.0,2.2,52.0,0.0,16.9,train
2026-05-26,Truck Crane 01,Crane,Crane,54.4,4.8,2.56,4.8,2.24,4.0,60.0,54.4,77.4,0.0,37.9,train
2026-05-29,Truck Crane 01,Crane,Crane,78.8,7.57,4.13,7.57,3.45,5.0,85.0,78.8,93.3,0.0,46.8,train
2026-06-06,Truck Crane 01,Crane,Crane,46.3,3.96,2.43,3.96,1.53,3.0,85.0,46.3,64.6,0.0,31.9,train
2026-06-08,Truck Crane 01,Crane,Crane,61.0,8.85,3.38,4.5,1.11,2.0,35.0,61.0,103.7,0.0,46.0,train
2026-06-10,Truck Crane 01,Crane,Crane,74.8,9.99,4.1,8.1,4.0,4.0,60.0,74.8,70.2,50.2,27.8,train
2026-06-11,Truck Crane 01,Crane,Crane,47.2,6.92,2.39,4.53,2.13,6.0,7.0,47.2,74.7,0.0,40.9,train
2026-06-13,Truck Crane 01,Crane,Crane,15.4,4.88,1.7,3.35,1.65,5.0,7.0,15.4,73.9,0.0,19.1,train
2026-06-16,Truck Crane 01,Crane,Crane,73.4,6.23,3.45,6.23,2.78,4.0,90.0,73.4,88.2,0.0,32.6,train
2026-06-17,Truck Crane 01,Crane,Crane,7.9,4.91,1.13,3.24,2.11,5.0,30.0,7.9,79.6,0.0,11.2,train
2026-06-19,Truck Crane 01,Crane,Crane,22.9,6.69,2.15,5.67,3.52,3.0,15.0,22.9,50.9,0.0,32.1,train
2026-06-22,Truck Crane 01,Crane,Crane,73.7,9.15,3.94,6.43,2.49,3.5,83.0,73.7,91.6,0.0,56.9,train
2026-07-03,Truck Crane 01,Crane,Crane,7.9,5.87,1.52,2.91,1.39,3.0,20.0,7.9,44.0,0.0,15.4,train
2026-07-06,Truck Crane 01,Crane,Crane,43.5,4.39,2.29,3.84,1.55,4.0,50.0,43.5,74.9,0.0,32.2,train
2026-07-09,Truck Crane 01,Crane,Crane,8.6,3.37,1.66,2.65,1.0,3.0,25.0,8.6,49.4,30.2,11.5,train
2026-07-11,Truck Crane 01,Crane,Crane,20.3,3.16,1.88,2.57,0.69,3.0,98.0,20.3,82.2,40.0,19.0,test
2026-07-13,Truck Crane 01,Crane,Crane,3.7,6.04,1.15,3.22,2.07,4.0,6.0,3.7,56.1,0.0,25.1,test
2026-07-14,Truck Crane 01,Crane,Crane,74.9,8.0,3.73,6.62,2.89,4.0,68.0,74.9,75.5,0.0,41.2,test
2026-07-17,Truck Crane 01,Crane,Crane,33.6,7.74,2.1,7.33,5.23,5.0,30.0,33.6,73.7,0.0,40.1,test
2026-07-18,Truck Crane 01,Crane,Crane,14.7,4.91,1.13,3.96,2.83,6.0,2.0,14.7,67.8,0.0,23.8,test
2026-07-20,Truck Crane 01,Crane,Crane,75.3,8.68,4.02,7.71,3.7,3.0,135.0,75.3,91.3,0.0,44.3,test
2026-07-22,Truck Crane 01,Crane,Crane,54.8,5.47,2.47,4.19,1.73,3.0,60.0,54.8,68.2,0.0,35.2,test
2026-07-28,Truck Crane 01,Crane,Crane,75.1,8.55,4.46,6.85,2.39,3.0,100.0,75.1,94.4,0.0,49.7,test
2026-07-30,Truck Crane 01,Crane,Crane,75.4,6.44,3.62,5.83,2.22,5.0,50.0,75.4,66.2,0.0,36.8,test
2026-07-31,Truck Crane 01,Crane,Crane,2.4,3.09,0.7,3.09,2.39,4.0,25.0,2.4,47.8,0.0,39.1,test
2026-04-14,Truck Crane 02,Crane,Crane,51.7,4.87,3.49,4.81,1.32,3.0,67.0,51.7,62.0,0.0,69.3,train
2026-05-06,Truck Crane 02,Crane,Crane,71.4,6.09,3.75,5.13,1.38,2.0,95.3,71.4,49.5,0.0,47.6,train
2026-05-09,Truck Crane 02,Crane,Crane,5.8,6.08,1.11,4.92,3.82,5.0,25.0,5.8,54.9,0.0,15.5,train
2026-05-12,Truck Crane 02,Crane,Crane,36.2,6.95,2.58,5.92,3.35,6.0,33.0,36.2,78.2,0.0,38.2,train
2026-05-13,Truck Crane 02,Crane,Crane,104.4,11.53,6.14,9.49,3.35,3.0,160.0,104.4,187.0,58.8,16.8,train
2026-05-19,Truck Crane 02,Crane,Crane,61.8,9.0,2.93,7.46,4.53,4.0,85.0,61.8,79.9,0.0,40.5,train
2026-05-25,Truck Crane 02,Crane,Crane,127.1,7.35,4.73,6.97,2.24,2.0,130.0,127.1,92.5,0.0,50.8,train
2026-05-26,Truck Crane 02,Crane,Crane,77.8,6.84,3.49,6.84,3.35,3.0,85.0,77.8,71.6,0.0,34.0,train
2026-05-29,Truck Crane 02,Crane,Crane,78.4,7.9,3.96,7.42,3.46,5.0,85.0,78.4,75.4,0.0,23.4,train
2026-06-05,Truck Crane 02,Crane,Crane,71.3,7.15,3.24,6.66,3.42,4.0,90.0,71.3,87.5,0.0,19.4,train
2026-06-06,Truck Crane 02,Crane,Crane,15.4,6.07,1.69,5.76,4.08,4.0,70.0,15.4,96.5,0.0,29.9,train
2026-06-08,Truck Crane 02,Crane,Crane,59.3,7.51,2.58,7.51,4.93,2.5,60.0,59.3,50.1,0.0,36.9,train
2026-06-09,Truck Crane 02,Crane,Crane,60.9,5.36,2.7,5.36,2.66,4.0,130.0,60.9,105.6,0.0,32.6,train
2026-06-13,Truck Crane 02,Crane,Crane,8.9,6.02,1.29,6.02,4.74,6.0,39.0,8.9,43.3,0.0,8.6,train
2026-06-22,Truck Crane 02,Crane,Crane,72.8,8.17,3.76,8.17,4.41,3.5,83.0,72.8,96.3,0.0,60.2,train
2026-07-02,Truck Crane 02,Crane,Crane,43.4,4.73,2.33,3.89,1.56,5.0,50.0,43.4,81.9,0.0,10.7,train
2026-07-04,Truck Crane 02,Crane,Crane,7.7,5.48,1.45,5.48,4.04,4.0,4.0,7.7,74.8,0.0,6.8,test
2026-07-07,Truck Crane 02,Crane,Crane,35.7,2.66,1.43,2.66,1.23,2.0,133.0,35.7,80.2,0.0,12.5,test
2026-07-14,Truck Crane 02,Crane,Crane,54.1,8.79,4.1,7.55,3.46,4.0,68.0,69.0,57.4,0.0,36.1,test
2026-07-15,Truck Crane 02,Crane,Crane,47.8,7.84,4.11,7.84,3.73,4.0,45.0,47.8,67.5,0.0,30.7,test
2026-03-04,VT 01,Vacuum Truck,Vacuum Truck,46.2,8.15,2.6,8.15,5.55,0.0,,46.2,188.4,42.1,50.9,train
2026-04-08,VT 01,Vacuum Truck,Vacuum Truck,73.6,7.47,3.24,7.47,4.23,0.0,,73.6,0.0,0.0,62.9,train
2026-04-09,VT 01,Vacuum Truck,Vacuum Truck,46.4,8.45,2.19,8.45,6.26,0.0,,46.4,0.0,0.0,28.6,train
2026-04-10,VT 01,Vacuum Truck,Vacuum Truck,51.1,11.12,3.17,8.77,5.6,0.0,,51.1,188.6,34.0,52.5,train
2026-04-11,VT 01,Vacuum Truck,Vacuum Truck,54.2,7.9,3.02,7.36,4.34,0.0,,54.2,0.0,0.0,29.9,train
2026-04-12,VT 01,Vacuum Truck,Vacuum Truck,50.0,8.34,2.57,6.48,3.91,0.0,,50.0,0.0,0.0,28.8,train
2026-04-13,VT 01,Vacuum Truck,Vacuum Truck,81.4,7.5,3.6,7.5,3.9,0.0,,81.4,0.0,0.0,65.2,train
2026-04-14,VT 01,Vacuum Truck,Vacuum Truck,9.8,7.4,0.96,7.39,6.44,0.0,,9.8,0.0,0.0,23.3,train
2026-04-15,VT 01,Vacuum Truck,Vacuum Truck,45.9,7.93,2.28,7.93,5.65,0.0,,45.9,180.6,0.0,33.8,train
2026-04-16,VT 01,Vacuum Truck,Vacuum Truck,30.8,7.65,2.28,7.65,5.38,0.0,,30.8,0.0,0.0,24.4,train
2026-04-18,VT 01,Vacuum Truck,Vacuum Truck,61.4,6.52,3.02,6.24,3.21,0.0,,61.4,0.0,0.0,27.1,train
2026-04-19,VT 01,Vacuum Truck,Vacuum Truck,41.4,8.66,2.38,5.71,3.33,0.0,,41.4,168.4,38.7,6.9,train
2026-04-20,VT 01,Vacuum Truck,Vacuum Truck,36.8,8.27,1.82,5.07,3.24,0.0,,36.8,0.0,0.0,20.2,train
2026-04-21,VT 01,Vacuum Truck,Vacuum Truck,48.9,6.87,2.65,5.9,3.25,0.0,,48.9,0.0,0.0,28.3,train
2026-04-22,VT 01,Vacuum Truck,Vacuum Truck,34.3,5.67,1.68,5.67,3.99,0.0,,34.3,0.0,0.0,22.6,train
2026-04-23,VT 01,Vacuum Truck,Vacuum Truck,77.1,7.77,3.71,6.79,3.08,0.0,,77.1,0.0,0.0,55.0,train
2026-04-24,VT 01,Vacuum Truck,Vacuum Truck,46.8,5.9,2.42,4.07,1.65,0.0,,46.8,204.5,0.0,41.6,train
2026-04-25,VT 01,Vacuum Truck,Vacuum Truck,61.9,7.24,3.06,5.45,2.4,0.0,,61.9,0.0,0.0,38.4,train
2026-04-26,VT 01,Vacuum Truck,Vacuum Truck,46.5,8.69,2.65,6.17,3.52,0.0,,46.5,0.0,0.0,48.3,train
2026-04-27,VT 01,Vacuum Truck,Vacuum Truck,9.9,7.91,0.9,7.91,7.02,0.0,,9.9,0.0,0.0,19.2,train
2026-04-28,VT 01,Vacuum Truck,Vacuum Truck,51.5,8.48,2.83,8.48,5.65,0.0,,51.5,0.0,0.0,30.2,train
2026-04-29,VT 01,Vacuum Truck,Vacuum Truck,59.7,9.77,2.7,8.54,5.84,0.0,,59.7,183.0,75.5,35.4,train
2026-04-30,VT 01,Vacuum Truck,Vacuum Truck,50.7,8.91,2.85,7.77,4.92,0.0,,50.7,0.0,0.0,30.5,train
2026-05-01,VT 01,Vacuum Truck,Vacuum Truck,71.1,8.06,3.52,7.31,3.79,0.0,,71.1,0.0,0.0,17.8,train
2026-05-02,VT 01,Vacuum Truck,Vacuum Truck,69.8,8.51,3.25,6.38,3.14,0.0,,69.8,0.0,64.4,21.7,train
2026-05-03,VT 01,Vacuum Truck,Vacuum Truck,55.1,7.7,2.52,6.56,4.04,0.0,,55.1,179.6,0.0,36.2,train
2026-05-04,VT 01,Vacuum Truck,Vacuum Truck,70.8,8.99,3.46,8.99,5.53,0.0,,70.8,0.0,0.0,39.4,train
2026-05-05,VT 01,Vacuum Truck,Vacuum Truck,19.9,7.0,1.35,7.0,5.66,0.0,,19.9,0.0,0.0,18.2,train
2026-05-06,VT 01,Vacuum Truck,Vacuum Truck,63.3,8.64,2.68,8.6,5.92,0.0,,63.3,0.0,0.0,32.3,train
2026-05-07,VT 01,Vacuum Truck,Vacuum Truck,37.8,7.95,2.21,6.1,3.89,0.0,,37.8,0.0,0.0,21.0,train
2026-05-08,VT 01,Vacuum Truck,Vacuum Truck,69.1,7.91,2.93,7.87,4.94,0.0,,69.1,175.9,36.5,64.9,train
2026-05-09,VT 01,Vacuum Truck,Vacuum Truck,48.8,6.61,2.88,6.59,3.71,0.0,,48.8,0.0,0.0,28.2,train
2026-05-10,VT 01,Vacuum Truck,Vacuum Truck,74.1,8.87,3.34,8.87,5.53,0.0,,74.1,0.0,0.0,22.8,train
2026-05-11,VT 01,Vacuum Truck,Vacuum Truck,30.6,7.53,2.06,7.44,5.39,0.0,,30.6,0.0,0.0,50.7,train
2026-05-13,VT 01,Vacuum Truck,Vacuum Truck,39.9,7.27,2.36,7.03,4.68,0.0,,39.9,0.0,0.0,22.3,train
2026-05-14,VT 01,Vacuum Truck,Vacuum Truck,69.5,11.42,3.71,11.42,7.71,0.0,,69.5,0.0,0.0,38.7,train
2026-05-15,VT 01,Vacuum Truck,Vacuum Truck,39.2,8.71,1.94,6.23,4.29,0.0,,39.2,0.0,0.0,20.8,train
2026-05-16,VT 01,Vacuum Truck,Vacuum Truck,33.2,6.15,1.59,6.15,4.56,0.0,,33.2,0.0,0.0,17.0,train
2026-05-18,VT 01,Vacuum Truck,Vacuum Truck,30.1,5.95,1.98,5.95,3.96,0.0,,30.1,0.0,0.0,22.2,train
2026-05-19,VT 01,Vacuum Truck,Vacuum Truck,42.7,7.29,2.51,7.29,4.78,0.0,,42.7,0.0,0.0,48.5,train
2026-05-20,VT 01,Vacuum Truck,Vacuum Truck,42.0,6.48,2.6,6.48,3.87,0.0,,42.0,0.0,0.0,40.3,train
2026-05-21,VT 01,Vacuum Truck,Vacuum Truck,52.0,6.21,3.14,5.47,2.33,0.0,,52.0,0.0,0.0,21.8,train
2026-05-22,VT 01,Vacuum Truck,Vacuum Truck,52.5,9.03,2.87,8.77,5.9,0.0,,52.5,186.0,0.0,42.1,train
2026-05-23,VT 01,Vacuum Truck,Vacuum Truck,55.8,6.33,2.84,5.71,2.88,0.0,,55.8,0.0,0.0,39.1,train
2026-05-24,VT 01,Vacuum Truck,Vacuum Truck,10.4,6.2,1.12,4.99,3.87,0.0,,10.4,0.0,0.0,22.8,train
2026-05-25,VT 01,Vacuum Truck,Vacuum Truck,29.5,7.21,2.02,7.21,5.19,0.0,,29.5,0.0,0.0,26.4,train
2026-05-26,VT 01,Vacuum Truck,Vacuum Truck,53.1,7.7,2.76,7.33,4.57,0.0,,53.1,0.0,47.6,30.8,train
2026-05-27,VT 01,Vacuum Truck,Vacuum Truck,26.1,6.49,0.98,6.49,5.51,0.0,,26.1,184.9,0.0,28.7,train
2026-05-28,VT 01,Vacuum Truck,Vacuum Truck,10.9,7.63,1.12,7.63,6.51,0.0,,10.9,0.0,0.0,18.2,train
2026-05-29,VT 01,Vacuum Truck,Vacuum Truck,33.4,8.32,1.79,8.32,6.53,0.0,,33.4,0.0,39.9,16.9,train
2026-05-30,VT 01,Vacuum Truck,Vacuum Truck,30.4,8.07,2.04,7.88,5.84,0.0,,30.4,0.0,59.7,22.1,train
2026-05-31,VT 01,Vacuum Truck,Vacuum Truck,36.6,6.67,1.82,6.67,4.85,0.0,,36.6,195.0,0.0,28.8,train
2026-06-01,VT 01,Vacuum Truck,Vacuum Truck,25.7,7.14,1.37,7.14,5.77,0.0,,25.7,0.0,0.0,18.3,train
2026-06-02,VT 01,Vacuum Truck,Vacuum Truck,37.5,6.66,1.97,6.66,4.69,0.0,,37.5,0.0,51.7,16.5,train
2026-06-03,VT 01,Vacuum Truck,Vacuum Truck,28.6,7.38,2.48,7.34,4.86,0.0,,28.6,0.0,0.0,24.2,train
2026-06-04,VT 01,Vacuum Truck,Vacuum Truck,57.8,18.71,5.76,18.71,12.95,0.0,,57.8,0.0,0.0,36.4,train
2026-06-05,VT 01,Vacuum Truck,Vacuum Truck,67.3,8.44,3.58,8.44,4.86,0.0,,67.3,203.9,0.0,37.2,train
2026-06-06,VT 01,Vacuum Truck,Vacuum Truck,64.4,7.65,3.29,7.65,4.36,0.0,,64.4,0.0,0.0,44.3,train
2026-06-07,VT 01,Vacuum Truck,Vacuum Truck,47.8,7.33,2.61,6.43,3.81,0.0,,47.8,0.0,0.0,36.3,train
2026-06-08,VT 01,Vacuum Truck,Vacuum Truck,11.5,6.88,1.07,6.87,5.8,0.0,,11.5,0.0,0.0,23.0,train
2026-06-09,VT 01,Vacuum Truck,Vacuum Truck,77.1,7.55,3.9,7.48,3.58,0.0,,77.1,218.9,108.6,38.4,train
2026-06-10,VT 01,Vacuum Truck,Vacuum Truck,8.8,7.03,0.89,7.03,6.14,0.0,,8.8,0.0,0.0,39.1,train
2026-06-11,VT 01,Vacuum Truck,Vacuum Truck,172.4,10.04,6.49,10.04,3.55,0.0,,172.4,0.0,44.7,77.1,train
2026-06-12,VT 01,Vacuum Truck,Vacuum Truck,61.4,9.37,3.39,9.37,5.98,0.0,,61.4,171.7,0.0,58.1,train
2026-06-13,VT 01,Vacuum Truck,Vacuum Truck,46.5,7.2,2.49,7.2,4.71,0.0,,46.5,0.0,0.0,31.6,train
2026-06-14,VT 01,Vacuum Truck,Vacuum Truck,40.1,9.58,2.78,6.59,3.81,0.0,,40.1,0.0,0.0,26.5,train
2026-06-15,VT 01,Vacuum Truck,Vacuum Truck,163.5,10.81,5.12,9.78,4.66,0.0,,163.5,0.0,0.0,60.2,train
2026-06-16,VT 01,Vacuum Truck,Vacuum Truck,26.1,6.46,1.89,4.88,2.98,0.0,,26.1,0.0,0.0,18.9,train
2026-06-17,VT 01,Vacuum Truck,Vacuum Truck,57.2,5.31,3.08,5.18,2.1,0.0,,57.2,206.5,0.0,12.6,train
2026-06-18,VT 01,Vacuum Truck,Vacuum Truck,42.8,6.34,2.22,6.33,4.12,0.0,,42.8,0.0,0.0,34.6,train
2026-06-19,VT 01,Vacuum Truck,Vacuum Truck,51.5,6.67,2.52,6.67,4.15,0.0,,51.5,0.0,0.0,34.3,train
2026-06-21,VT 01,Vacuum Truck,Vacuum Truck,25.9,6.71,1.38,4.63,3.24,0.0,,25.9,0.0,0.0,19.2,train
2026-06-23,VT 01,Vacuum Truck,Vacuum Truck,11.5,7.47,1.08,7.47,6.38,0.0,,11.5,0.0,0.0,23.0,train
2026-06-24,VT 01,Vacuum Truck,Vacuum Truck,51.7,7.73,2.91,6.29,3.38,0.0,,51.7,0.0,48.4,29.4,train
2026-06-25,VT 01,Vacuum Truck,Vacuum Truck,9.9,7.28,0.81,7.28,6.47,0.0,,9.9,0.0,0.0,21.3,train
2026-06-26,VT 01,Vacuum Truck,Vacuum Truck,42.5,7.44,2.47,7.44,4.97,0.0,,42.5,0.0,39.0,35.7,train
2026-06-28,VT 01,Vacuum Truck,Vacuum Truck,45.5,6.79,2.4,6.79,4.39,0.0,,45.5,0.0,0.0,29.7,train
2026-06-29,VT 01,Vacuum Truck,Vacuum Truck,30.4,7.58,2.2,7.58,5.38,0.0,,30.4,0.0,0.0,23.8,train
2026-06-30,VT 01,Vacuum Truck,Vacuum Truck,39.6,8.09,2.17,8.09,5.92,0.0,,39.6,0.0,0.0,28.3,train
2026-07-01,VT 01,Vacuum Truck,Vacuum Truck,10.4,6.41,1.04,6.37,5.33,0.0,,10.4,0.0,63.7,1.7,train
2026-07-02,VT 01,Vacuum Truck,Vacuum Truck,39.9,7.21,2.2,7.21,5.01,0.0,,39.9,197.1,0.0,35.1,train
2026-07-03,VT 01,Vacuum Truck,Vacuum Truck,46.8,7.6,2.57,7.6,5.03,0.0,,46.8,0.0,0.0,33.8,train
2026-07-04,VT 01,Vacuum Truck,Vacuum Truck,41.5,7.23,2.51,7.23,4.72,0.0,,41.5,0.0,0.0,30.6,train
2026-07-05,VT 01,Vacuum Truck,Vacuum Truck,46.5,8.73,2.38,7.42,5.04,0.0,,46.5,0.0,77.7,22.0,train
2026-07-06,VT 01,Vacuum Truck,Vacuum Truck,58.3,8.03,3.58,8.03,4.45,0.0,,58.3,206.5,0.0,29.7,train
2026-07-07,VT 01,Vacuum Truck,Vacuum Truck,49.9,7.89,2.54,7.89,5.35,0.0,,49.9,0.0,0.0,36.2,train
2026-07-08,VT 01,Vacuum Truck,Vacuum Truck,11.7,6.08,1.13,6.08,4.96,0.0,,11.7,0.0,0.0,14.9,train
2026-07-09,VT 01,Vacuum Truck,Vacuum Truck,71.5,9.81,3.73,9.81,6.08,0.0,,71.5,0.0,0.0,47.0,train
2026-07-10,VT 01,Vacuum Truck,Vacuum Truck,38.6,7.4,2.86,7.26,4.4,0.0,,38.6,0.0,47.0,17.8,train
2026-07-11,VT 01,Vacuum Truck,Vacuum Truck,81.2,7.24,3.88,7.24,3.36,0.0,,81.2,200.9,0.0,54.9,train
2026-07-12,VT 01,Vacuum Truck,Vacuum Truck,72.8,8.84,3.65,7.48,3.83,0.0,,72.8,0.0,0.0,48.0,train
2026-07-13,VT 01,Vacuum Truck,Vacuum Truck,44.7,8.15,2.9,7.26,4.36,0.0,,44.7,0.0,0.0,49.5,train
2026-07-14,VT 01,Vacuum Truck,Vacuum Truck,78.3,7.51,3.93,7.51,3.58,0.0,,78.3,0.0,0.0,40.8,train
2026-07-15,VT 01,Vacuum Truck,Vacuum Truck,77.2,7.12,4.48,6.95,2.47,0.0,,77.2,219.0,34.3,47.8,train
2026-07-16,VT 01,Vacuum Truck,Vacuum Truck,48.4,9.45,3.32,8.93,5.61,0.0,,48.4,0.0,0.0,27.7,train
2026-07-18,VT 01,Vacuum Truck,Vacuum Truck,68.4,7.18,3.3,7.17,3.88,0.0,,68.4,0.0,0.0,30.2,train
2026-07-19,VT 01,Vacuum Truck,Vacuum Truck,77.0,11.3,4.28,9.94,5.66,0.0,,77.0,201.2,0.0,55.3,train
2026-07-20,VT 01,Vacuum Truck,Vacuum Truck,68.1,7.97,4.13,7.97,3.84,0.0,,68.1,0.0,0.0,36.9,train
2026-07-21,VT 01,Vacuum Truck,Vacuum Truck,78.7,8.81,4.02,8.25,4.24,0.0,,78.7,0.0,0.0,37.2,train
2026-07-22,VT 01,Vacuum Truck,Vacuum Truck,43.1,8.39,2.67,6.98,4.31,0.0,,43.1,0.0,0.0,38.0,train
2026-07-23,VT 01,Vacuum Truck,Vacuum Truck,97.9,8.64,5.08,8.64,3.56,0.0,,97.9,0.0,0.0,39.3,test
2026-07-24,VT 01,Vacuum Truck,Vacuum Truck,70.0,8.84,4.13,8.65,4.52,0.0,,70.0,209.6,0.0,32.9,test
2026-07-25,VT 01,Vacuum Truck,Vacuum Truck,68.5,5.95,2.93,5.95,3.01,0.0,,68.5,0.0,0.0,34.3,test
2026-07-26,VT 01,Vacuum Truck,Vacuum Truck,45.0,6.48,2.26,6.48,4.23,0.0,,45.0,0.0,0.0,28.1,test
2026-07-27,VT 01,Vacuum Truck,Vacuum Truck,93.7,9.44,5.1,8.32,3.22,0.0,,93.7,0.0,0.0,49.0,test
2026-07-29,VT 01,Vacuum Truck,Vacuum Truck,58.4,6.67,3.14,6.67,3.52,0.0,,58.4,0.0,0.0,32.6,test
2026-07-30,VT 01,Vacuum Truck,Vacuum Truck,46.4,8.46,2.67,8.46,5.79,0.0,,46.4,0.0,0.0,30.6,test
2026-08-01,VT 01,Vacuum Truck,Vacuum Truck,32.8,8.17,1.94,8.17,6.23,0.0,,32.8,204.9,0.0,38.6,test
2026-08-02,VT 01,Vacuum Truck,Vacuum Truck,62.2,7.87,3.16,7.87,4.71,0.0,,62.2,0.0,0.0,39.2,test
2026-08-03,VT 01,Vacuum Truck,Vacuum Truck,79.5,7.35,3.69,7.35,3.66,0.0,,79.5,0.0,0.0,44.9,test
2026-08-06,VT 01,Vacuum Truck,Vacuum Truck,71.7,6.89,3.22,6.89,3.66,0.0,,71.7,0.0,0.0,32.5,test
2026-08-07,VT 01,Vacuum Truck,Vacuum Truck,45.3,7.44,2.76,7.44,4.68,0.0,,45.3,0.0,0.0,28.1,test
2026-08-08,VT 01,Vacuum Truck,Vacuum Truck,92.8,9.42,4.64,9.41,4.77,0.0,,92.8,187.1,44.0,46.1,test
2026-08-09,VT 01,Vacuum Truck,Vacuum Truck,75.9,12.1,4.56,10.98,6.42,0.0,,75.9,0.0,0.0,50.2,test
2026-08-10,VT 01,Vacuum Truck,Vacuum Truck,138.2,10.39,5.02,10.38,5.36,0.0,,138.2,0.0,0.0,53.5,test
2026-08-11,VT 01,Vacuum Truck,Vacuum Truck,91.9,6.93,4.01,6.92,2.91,0.0,,91.9,0.0,0.0,40.5,test
2026-08-12,VT 01,Vacuum Truck,Vacuum Truck,104.4,14.02,5.06,11.74,6.68,0.0,,104.4,192.7,0.0,45.9,test
2026-08-13,VT 01,Vacuum Truck,Vacuum Truck,94.9,9.66,5.06,9.66,4.6,0.0,,94.9,0.0,0.0,67.4,test
2026-08-14,VT 01,Vacuum Truck,Vacuum Truck,83.6,14.75,4.6,8.36,3.76,0.0,,83.6,0.0,46.4,34.2,test
2026-08-15,VT 01,Vacuum Truck,Vacuum Truck,87.3,10.16,4.48,10.16,5.67,0.0,,87.3,204.1,0.0,65.5,test
2026-08-16,VT 01,Vacuum Truck,Vacuum Truck,48.2,8.59,2.73,8.59,5.86,0.0,,48.2,0.0,0.0,36.2,test
2026-08-17,VT 01,Vacuum Truck,Vacuum Truck,76.0,7.63,3.67,7.63,3.96,0.0,,76.0,0.0,0.0,42.1,test
2026-08-18,VT 01,Vacuum Truck,Vacuum Truck,53.8,9.28,3.21,7.99,4.78,0.0,,53.8,0.0,0.0,53.8,test
2026-08-19,VT 01,Vacuum Truck,Vacuum Truck,104.5,10.6,6.02,10.52,4.5,0.0,,104.5,210.0,0.0,66.3,test
2026-08-21,VT 01,Vacuum Truck,Vacuum Truck,92.7,7.21,4.15,6.64,2.49,0.0,,92.7,0.0,0.0,49.3,test
2026-04-08,VT 02,Vacuum Truck,Vacuum Truck,25.2,6.6,1.64,6.6,4.96,0.0,,25.2,97.1,0.0,26.5,train
2026-04-09,VT 02,Vacuum Truck,Vacuum Truck,15.8,6.33,1.57,6.33,4.76,0.0,,15.8,0.0,0.0,19.6,train
2026-04-10,VT 02,Vacuum Truck,Vacuum Truck,18.3,6.52,1.32,6.32,5.0,0.0,,18.3,0.0,0.0,20.1,train
2026-04-11,VT 02,Vacuum Truck,Vacuum Truck,25.6,6.5,1.99,6.5,4.51,0.0,,25.6,0.0,0.0,25.7,train
2026-04-12,VT 02,Vacuum Truck,Vacuum Truck,18.3,5.59,1.3,5.59,4.28,0.0,,18.3,87.2,0.0,17.9,train
2026-04-13,VT 02,Vacuum Truck,Vacuum Truck,23.6,7.19,1.96,4.74,2.79,0.0,,23.6,0.0,0.0,19.3,train
2026-04-14,VT 02,Vacuum Truck,Vacuum Truck,18.2,6.01,1.26,6.01,4.75,0.0,,18.2,0.0,0.0,16.9,train
2026-04-15,VT 02,Vacuum Truck,Vacuum Truck,18.3,6.31,1.36,6.31,4.96,0.0,,18.3,0.0,0.0,17.9,train
2026-04-16,VT 02,Vacuum Truck,Vacuum Truck,7.1,6.57,1.37,5.39,4.02,0.0,,7.1,60.3,0.0,20.0,train
2026-04-17,VT 02,Vacuum Truck,Vacuum Truck,18.6,5.9,1.58,3.89,2.31,0.0,,18.6,0.0,0.0,16.8,train
2026-04-18,VT 02,Vacuum Truck,Vacuum Truck,24.8,6.87,1.99,6.87,4.88,0.0,,24.8,0.0,0.0,21.3,train
2026-04-19,VT 02,Vacuum Truck,Vacuum Truck,16.6,5.74,1.77,5.74,3.98,0.0,,16.6,0.0,0.0,18.7,train
2026-04-20,VT 02,Vacuum Truck,Vacuum Truck,31.6,6.84,2.61,6.84,4.22,0.0,,31.6,56.0,0.0,26.2,train
2026-04-21,VT 02,Vacuum Truck,Vacuum Truck,39.2,6.73,2.48,6.15,3.67,0.0,,39.2,0.0,0.0,26.1,train
2026-04-22,VT 02,Vacuum Truck,Vacuum Truck,47.0,6.47,3.03,6.47,3.44,0.0,,47.0,0.0,0.0,30.3,train
2026-04-23,VT 02,Vacuum Truck,Vacuum Truck,18.3,6.75,1.45,4.06,2.61,0.0,,18.3,0.0,0.0,13.9,train
2026-04-25,VT 02,Vacuum Truck,Vacuum Truck,25.0,6.45,2.19,4.88,2.69,0.0,,25.0,0.0,0.0,18.5,train
2026-04-26,VT 02,Vacuum Truck,Vacuum Truck,27.4,7.66,2.48,5.98,3.51,0.0,,27.4,0.0,0.0,30.9,train
2026-04-27,VT 02,Vacuum Truck,Vacuum Truck,18.3,7.06,1.25,6.95,5.71,0.0,,18.3,0.0,0.0,17.9,train
2026-04-29,VT 02,Vacuum Truck,Vacuum Truck,23.7,6.87,1.93,6.87,4.94,0.0,,23.7,0.0,0.0,22.9,train
2026-04-30,VT 02,Vacuum Truck,Vacuum Truck,24.8,7.13,2.01,6.42,4.42,0.0,,24.8,0.0,0.0,25.3,train
2026-05-01,VT 02,Vacuum Truck,Vacuum Truck,6.6,7.64,0.98,7.64,6.66,0.0,,6.6,0.0,0.0,22.3,train
2026-05-02,VT 02,Vacuum Truck,Vacuum Truck,18.2,7.29,1.28,6.61,5.33,0.0,,18.2,64.0,0.0,18.6,train
2026-05-03,VT 02,Vacuum Truck,Vacuum Truck,18.2,6.67,1.39,5.87,4.47,0.0,,18.2,0.0,0.0,18.1,train
2026-05-04,VT 02,Vacuum Truck,Vacuum Truck,18.2,6.37,1.55,4.94,3.39,0.0,,18.2,0.0,0.0,13.7,train
2026-05-05,VT 02,Vacuum Truck,Vacuum Truck,5.7,6.95,1.15,5.77,4.62,0.0,,5.7,0.0,0.0,9.0,train
2026-05-06,VT 02,Vacuum Truck,Vacuum Truck,24.8,6.98,2.01,4.56,2.54,0.0,,24.8,84.3,0.0,19.5,train
2026-05-07,VT 02,Vacuum Truck,Vacuum Truck,18.2,6.35,1.63,5.21,3.58,0.0,,18.2,0.0,0.0,13.6,train
2026-05-08,VT 02,Vacuum Truck,Vacuum Truck,45.3,6.46,2.56,3.83,1.27,0.0,,45.3,0.0,0.0,22.4,train
2026-05-10,VT 02,Vacuum Truck,Vacuum Truck,12.3,6.4,1.73,4.55,2.82,0.0,,12.3,80.5,0.0,21.0,train
2026-05-11,VT 02,Vacuum Truck,Vacuum Truck,28.9,6.69,2.07,6.69,4.62,0.0,,28.9,0.0,0.0,20.6,train
2026-05-13,VT 02,Vacuum Truck,Vacuum Truck,6.6,6.4,1.31,4.61,3.3,0.0,,6.6,0.0,0.0,11.5,train
2026-05-14,VT 02,Vacuum Truck,Vacuum Truck,18.3,5.73,1.59,2.87,1.28,0.0,,18.3,45.2,0.0,11.7,train
2026-05-15,VT 02,Vacuum Truck,Vacuum Truck,0.0,6.2,0.67,3.73,3.06,0.0,,0.0,0.0,0.0,6.0,train
2026-05-16,VT 02,Vacuum Truck,Vacuum Truck,6.5,5.6,1.15,5.6,4.45,0.0,,6.5,0.0,0.0,12.8,train
2026-05-17,VT 02,Vacuum Truck,Vacuum Truck,23.7,5.6,2.03,5.6,3.58,0.0,,23.7,0.0,0.0,17.7,train
2026-05-18,VT 02,Vacuum Truck,Vacuum Truck,18.3,6.21,1.37,6.21,4.84,0.0,,18.3,44.9,0.0,16.3,train
2026-05-19,VT 02,Vacuum Truck,Vacuum Truck,0.0,5.77,0.48,5.77,5.28,0.0,,0.0,0.0,0.0,10.6,train
2026-05-20,VT 02,Vacuum Truck,Vacuum Truck,18.4,6.39,3.89,6.39,2.5,0.0,,18.4,0.0,0.0,13.9,train
2026-05-21,VT 02,Vacuum Truck,Vacuum Truck,18.6,6.74,1.39,6.74,5.35,0.0,,18.6,0.0,0.0,16.5,train
2026-05-22,VT 02,Vacuum Truck,Vacuum Truck,18.3,6.39,1.6,3.76,2.16,0.0,,18.3,45.3,0.0,12.1,train
2026-05-23,VT 02,Vacuum Truck,Vacuum Truck,18.2,6.17,1.42,6.17,4.75,0.0,,18.2,0.0,0.0,17.0,train
2026-05-24,VT 02,Vacuum Truck,Vacuum Truck,18.2,5.51,1.42,5.51,4.1,0.0,,18.2,0.0,0.0,12.8,train
2026-05-25,VT 02,Vacuum Truck,Vacuum Truck,18.2,6.45,1.45,5.81,4.36,0.0,,18.2,35.0,0.0,12.6,train
2026-05-26,VT 02,Vacuum Truck,Vacuum Truck,16.8,6.94,1.77,6.6,4.82,0.0,,16.8,0.0,0.0,19.3,train
2026-05-27,VT 02,Vacuum Truck,Vacuum Truck,18.3,3.21,1.35,3.21,1.86,0.0,,18.3,0.0,0.0,11.1,train
2026-05-28,VT 02,Vacuum Truck,Vacuum Truck,0.4,4.21,3.53,4.21,0.68,0.0,,0.4,0.0,0.0,6.5,train
2026-05-29,VT 02,Vacuum Truck,Vacuum Truck,18.2,5.58,1.46,5.58,4.11,0.0,,18.2,0.0,0.0,13.0,train
2026-05-30,VT 02,Vacuum Truck,Vacuum Truck,6.6,5.65,1.15,4.89,3.74,0.0,,6.6,43.2,0.0,11.4,train
2026-05-31,VT 02,Vacuum Truck,Vacuum Truck,18.3,5.68,1.54,4.56,3.02,0.0,,18.3,0.0,0.0,15.0,train
2026-06-01,VT 02,Vacuum Truck,Vacuum Truck,18.3,6.17,1.41,6.17,4.75,0.0,,18.3,0.0,0.0,15.2,train
2026-06-02,VT 02,Vacuum Truck,Vacuum Truck,31.5,6.41,2.55,5.16,2.6,0.0,,31.5,0.0,0.0,17.8,train
2026-06-03,VT 02,Vacuum Truck,Vacuum Truck,24.9,6.44,1.6,6.44,4.84,0.0,,24.9,72.5,0.0,21.3,train
2026-06-04,VT 02,Vacuum Truck,Vacuum Truck,24.9,18.49,14.2,15.83,1.63,0.0,,24.9,0.0,0.0,16.0,train
2026-06-05,VT 02,Vacuum Truck,Vacuum Truck,18.3,6.51,1.41,5.86,4.45,0.0,,18.3,0.0,0.0,15.0,train
2026-06-06,VT 02,Vacuum Truck,Vacuum Truck,25.4,7.92,2.02,6.61,4.59,0.0,,25.4,0.0,0.0,21.9,train
2026-06-07,VT 02,Vacuum Truck,Vacuum Truck,18.2,6.09,1.22,6.09,4.87,0.0,,18.2,62.7,0.0,18.1,train
2026-06-08,VT 02,Vacuum Truck,Vacuum Truck,18.3,6.72,1.42,6.72,5.3,0.0,,18.3,0.0,0.0,18.7,train
2026-06-09,VT 02,Vacuum Truck,Vacuum Truck,18.2,6.42,1.32,6.42,5.09,0.0,,18.2,0.0,0.0,18.1,train
2026-06-10,VT 02,Vacuum Truck,Vacuum Truck,24.9,18.72,7.71,12.37,4.66,0.0,,24.9,0.0,0.0,23.7,train
2026-06-11,VT 02,Vacuum Truck,Vacuum Truck,16.7,6.34,1.78,6.34,4.56,0.0,,16.7,67.2,0.0,22.9,train
2026-06-12,VT 02,Vacuum Truck,Vacuum Truck,18.2,5.84,1.48,5.84,4.35,0.0,,18.2,0.0,0.0,18.9,train
2026-06-13,VT 02,Vacuum Truck,Vacuum Truck,18.3,6.58,1.41,6.29,4.88,0.0,,18.3,0.0,0.0,17.6,train
2026-06-14,VT 02,Vacuum Truck,Vacuum Truck,25.0,5.75,1.99,5.75,3.75,0.0,,25.0,0.0,0.0,21.7,train
2026-06-15,VT 02,Vacuum Truck,Vacuum Truck,24.9,6.73,1.8,6.73,4.93,0.0,,24.9,75.6,0.0,20.7,train
2026-06-16,VT 02,Vacuum Truck,Vacuum Truck,18.2,6.36,1.37,6.36,5.0,0.0,,18.2,0.0,0.0,20.4,train
2026-06-17,VT 02,Vacuum Truck,Vacuum Truck,27.6,7.88,1.98,7.88,5.89,0.0,,27.6,0.0,0.0,24.5,train
2026-06-18,VT 02,Vacuum Truck,Vacuum Truck,51.1,6.96,3.19,6.96,3.76,0.0,,51.1,0.0,0.0,31.2,train
2026-06-19,VT 02,Vacuum Truck,Vacuum Truck,16.8,6.2,1.66,6.2,4.54,0.0,,16.8,69.0,0.0,16.9,train
2026-06-20,VT 02,Vacuum Truck,Vacuum Truck,24.3,5.9,1.89,5.9,4.0,0.0,,24.3,0.0,0.0,20.2,train
2026-06-21,VT 02,Vacuum Truck,Vacuum Truck,24.8,8.89,2.25,6.4,4.15,0.0,,24.8,0.0,0.0,24.2,train
2026-06-22,VT 02,Vacuum Truck,Vacuum Truck,31.9,7.03,2.2,5.4,3.2,0.0,,31.9,70.6,0.0,17.2,train
2026-06-23,VT 02,Vacuum Truck,Vacuum Truck,59.3,10.9,3.94,9.08,5.15,0.0,,59.3,0.0,0.0,34.2,train
2026-06-24,VT 02,Vacuum Truck,Vacuum Truck,18.3,5.16,1.16,3.76,2.6,0.0,,18.3,0.0,0.0,20.0,train
2026-06-25,VT 02,Vacuum Truck,Vacuum Truck,74.1,9.78,5.09,9.67,4.58,0.0,,74.1,0.0,0.0,49.3,train
2026-06-26,VT 02,Vacuum Truck,Vacuum Truck,52.7,9.31,3.07,5.34,2.27,0.0,,52.7,116.0,0.0,39.3,train
2026-06-27,VT 02,Vacuum Truck,Vacuum Truck,18.3,6.87,1.33,3.47,2.14,0.0,,18.3,0.0,0.0,17.4,train
2026-06-28,VT 02,Vacuum Truck,Vacuum Truck,18.3,5.9,1.37,4.46,3.09,0.0,,18.3,0.0,0.0,15.4,train
2026-06-29,VT 02,Vacuum Truck,Vacuum Truck,24.0,5.85,2.32,4.9,2.58,0.0,,24.0,0.0,0.0,21.8,train
2026-06-30,VT 02,Vacuum Truck,Vacuum Truck,30.3,6.59,2.53,6.59,4.06,0.0,,30.3,0.0,0.0,29.6,train
2026-07-02,VT 02,Vacuum Truck,Vacuum Truck,18.3,5.79,1.45,5.79,4.34,0.0,,18.3,0.0,0.0,16.8,train
2026-07-03,VT 02,Vacuum Truck,Vacuum Truck,18.3,6.46,1.35,6.46,5.11,0.0,,18.3,0.0,0.0,18.4,train
2026-07-04,VT 02,Vacuum Truck,Vacuum Truck,18.3,6.11,1.31,6.08,4.77,0.0,,18.3,0.0,0.0,18.3,train
2026-07-05,VT 02,Vacuum Truck,Vacuum Truck,18.3,6.29,1.37,6.29,4.92,0.0,,18.3,66.6,0.0,16.5,train
2026-07-06,VT 02,Vacuum Truck,Vacuum Truck,22.7,18.53,7.95,12.39,4.44,0.0,,22.7,0.0,0.0,21.8,train
2026-07-07,VT 02,Vacuum Truck,Vacuum Truck,22.8,6.6,1.9,5.52,3.62,0.0,,22.8,0.0,0.0,18.2,train
2026-07-08,VT 02,Vacuum Truck,Vacuum Truck,44.5,7.51,3.5,6.58,3.08,0.0,,44.5,0.0,0.0,29.1,train
2026-07-09,VT 02,Vacuum Truck,Vacuum Truck,28.3,6.86,2.26,6.86,4.6,0.0,,28.3,87.3,0.0,21.5,train
2026-07-10,VT 02,Vacuum Truck,Vacuum Truck,15.6,6.11,1.64,6.11,4.46,0.0,,15.6,0.0,0.0,18.4,train
2026-07-11,VT 02,Vacuum Truck,Vacuum Truck,22.8,6.19,1.79,6.19,4.4,0.0,,22.8,0.0,0.0,21.9,train
2026-07-12,VT 02,Vacuum Truck,Vacuum Truck,28.3,6.58,2.26,6.58,4.32,0.0,,28.3,0.0,0.0,27.3,train
2026-07-14,VT 02,Vacuum Truck,Vacuum Truck,18.3,6.72,1.49,3.95,2.47,0.0,,18.3,0.0,0.0,14.5,train
2026-07-15,VT 02,Vacuum Truck,Vacuum Truck,50.9,7.62,3.4,7.59,4.2,0.0,,50.9,0.0,0.0,37.0,train
2026-07-16,VT 02,Vacuum Truck,Vacuum Truck,17.0,6.19,1.72,4.41,2.7,0.0,,17.0,0.0,0.0,16.0,train
2026-07-18,VT 02,Vacuum Truck,Vacuum Truck,38.1,6.32,3.39,4.32,0.93,0.0,,38.1,0.0,0.0,28.2,train
2026-07-19,VT 02,Vacuum Truck,Vacuum Truck,28.5,7.67,2.52,4.17,1.66,0.0,,28.5,0.0,0.0,19.6,train
2026-07-20,VT 02,Vacuum Truck,Vacuum Truck,22.8,5.51,1.89,3.32,1.42,0.0,,22.8,0.0,0.0,14.1,train
2026-07-21,VT 02,Vacuum Truck,Vacuum Truck,91.0,8.91,4.4,7.83,3.43,0.0,,91.0,141.0,0.0,54.6,train
2026-07-22,VT 02,Vacuum Truck,Vacuum Truck,28.9,5.75,2.02,4.94,2.92,0.0,,28.9,0.0,0.0,19.7,train
2026-07-23,VT 02,Vacuum Truck,Vacuum Truck,18.4,6.37,1.61,3.23,1.62,0.0,,18.4,0.0,0.0,11.8,train
2026-07-24,VT 02,Vacuum Truck,Vacuum Truck,29.3,6.15,2.47,6.15,3.69,0.0,,29.3,0.0,0.0,23.8,test
2026-07-25,VT 02,Vacuum Truck,Vacuum Truck,38.7,7.13,3.53,7.13,3.6,0.0,,38.7,67.1,0.0,28.8,test
2026-07-26,VT 02,Vacuum Truck,Vacuum Truck,43.7,9.11,3.29,6.21,2.92,0.0,,43.7,0.0,0.0,26.3,test
2026-07-27,VT 02,Vacuum Truck,Vacuum Truck,47.3,7.16,3.68,6.76,3.08,0.0,,47.3,0.0,0.0,32.4,test
2026-07-28,VT 02,Vacuum Truck,Vacuum Truck,43.6,7.46,3.47,6.04,2.56,0.0,,43.6,0.0,0.0,31.5,test
2026-07-29,VT 02,Vacuum Truck,Vacuum Truck,75.1,9.08,4.44,7.34,2.9,0.0,,75.2,108.2,0.0,54.9,test
2026-07-30,VT 02,Vacuum Truck,Vacuum Truck,27.3,6.55,2.13,6.55,4.43,0.0,,27.3,0.0,0.0,22.9,test
2026-07-31,VT 02,Vacuum Truck,Vacuum Truck,0.0,6.65,0.73,3.83,3.1,0.0,,0.0,0.0,0.0,6.7,test
2026-08-01,VT 02,Vacuum Truck,Vacuum Truck,19.0,12.65,2.55,6.72,4.17,0.0,,19.0,0.0,0.0,21.5,test
2026-08-02,VT 02,Vacuum Truck,Vacuum Truck,4.4,5.54,0.64,3.42,2.78,0.0,,4.4,66.9,0.0,6.8,test
2026-08-03,VT 02,Vacuum Truck,Vacuum Truck,35.1,6.64,2.79,6.63,3.84,0.0,,35.1,0.0,0.0,24.7,test
2026-08-04,VT 02,Vacuum Truck,Vacuum Truck,4.4,6.27,1.25,3.34,2.09,0.0,,4.4,0.0,0.0,9.6,test
2026-08-05,VT 02,Vacuum Truck,Vacuum Truck,15.8,6.73,1.88,4.15,2.27,0.0,,15.8,0.0,0.0,13.7,test
2026-08-07,VT 02,Vacuum Truck,Vacuum Truck,25.1,6.77,2.25,3.95,1.7,0.0,,25.1,0.0,0.0,17.8,test
2026-08-10,VT 02,Vacuum Truck,Vacuum Truck,17.4,6.49,2.1,3.87,1.77,0.0,,17.4,60.7,0.0,7.3,test
2026-08-11,VT 02,Vacuum Truck,Vacuum Truck,3.7,8.48,1.38,8.48,7.11,0.0,,3.7,0.0,0.0,22.3,test
2026-08-12,VT 02,Vacuum Truck,Vacuum Truck,20.4,7.1,1.84,4.89,3.05,0.0,,20.4,0.0,0.0,22.6,test
2026-08-13,VT 02,Vacuum Truck,Vacuum Truck,4.5,6.91,1.25,2.88,1.64,0.0,,4.5,0.0,0.0,9.3,test
2026-08-14,VT 02,Vacuum Truck,Vacuum Truck,16.9,6.46,1.85,4.0,2.16,0.0,,16.9,73.3,0.0,20.5,test
2026-08-15,VT 02,Vacuum Truck,Vacuum Truck,6.2,6.9,1.54,2.52,0.98,0.0,,6.2,0.0,0.0,7.8,test
2026-08-16,VT 02,Vacuum Truck,Vacuum Truck,12.0,7.01,1.77,5.24,3.47,0.0,,12.0,0.0,0.0,19.1,test
2026-08-18,VT 02,Vacuum Truck,Vacuum Truck,67.5,10.7,4.93,10.7,5.76,0.0,,67.5,89.2,0.0,38.3,test
2026-08-19,VT 02,Vacuum Truck,Vacuum Truck,62.9,7.55,4.03,7.55,3.52,0.0,,62.9,0.0,0.0,44.3,test
2026-08-20,VT 02,Vacuum Truck,Vacuum Truck,1.4,7.59,0.85,5.05,4.2,0.0,,1.4,0.0,0.0,11.1,test
2026-08-21,VT 02,Vacuum Truck,Vacuum Truck,19.2,7.12,2.17,6.02,3.86,0.0,,19.0,108.0,0.0,21.4,test
2026-04-08,VT 03,Vacuum Truck,Vacuum Truck,31.7,4.8,3.08,4.8,1.72,0.0,,31.7,0.0,0.0,28.9,train
2026-04-09,VT 03,Vacuum Truck,Vacuum Truck,31.7,5.05,3.2,5.04,1.84,0.0,,31.7,0.0,0.0,38.8,train
2026-04-10,VT 03,Vacuum Truck,Vacuum Truck,63.0,8.54,5.61,7.95,2.34,0.0,,63.0,0.0,0.0,53.4,train
2026-04-11,VT 03,Vacuum Truck,Vacuum Truck,37.9,10.53,3.64,5.48,1.84,0.0,,37.9,162.6,0.0,46.0,train
2026-04-12,VT 03,Vacuum Truck,Vacuum Truck,31.9,7.1,3.11,4.96,1.85,0.0,,31.9,0.0,0.0,36.7,train
2026-04-13,VT 03,Vacuum Truck,Vacuum Truck,38.5,9.26,3.86,9.26,5.4,0.0,,38.5,0.0,0.0,30.5,train
2026-04-15,VT 03,Vacuum Truck,Vacuum Truck,33.4,4.99,3.32,4.99,1.67,0.0,,33.4,160.9,0.0,28.3,train
2026-04-16,VT 03,Vacuum Truck,Vacuum Truck,17.8,6.75,2.06,6.75,4.69,0.0,,17.8,0.0,0.0,27.5,train
2026-04-17,VT 03,Vacuum Truck,Vacuum Truck,31.6,4.83,3.01,4.81,1.8,0.0,,31.6,0.0,0.0,25.4,train
2026-04-18,VT 03,Vacuum Truck,Vacuum Truck,27.0,7.81,2.79,7.58,4.79,0.0,,27.0,0.0,0.0,15.6,train
2026-04-20,VT 03,Vacuum Truck,Vacuum Truck,32.6,10.24,3.6,5.71,2.11,0.0,,32.6,0.0,0.0,33.9,train
2026-04-21,VT 03,Vacuum Truck,Vacuum Truck,40.8,11.07,3.59,5.85,2.26,0.0,,40.8,0.0,0.0,35.6,train
2026-04-22,VT 03,Vacuum Truck,Vacuum Truck,39.2,5.2,3.58,5.2,1.62,0.0,,39.2,0.0,0.0,35.3,train
2026-04-23,VT 03,Vacuum Truck,Vacuum Truck,33.3,10.04,3.0,4.9,1.9,0.0,,33.3,141.6,0.0,23.6,train
2026-04-24,VT 03,Vacuum Truck,Vacuum Truck,31.6,4.31,2.77,4.24,1.46,0.0,,31.6,0.0,0.0,33.8,train
2026-04-25,VT 03,Vacuum Truck,Vacuum Truck,31.8,4.09,2.79,4.09,1.29,0.0,,31.8,0.0,0.0,43.7,train
2026-04-26,VT 03,Vacuum Truck,Vacuum Truck,31.9,4.15,2.76,4.15,1.39,0.0,,31.9,0.0,0.0,31.1,train
2026-04-27,VT 03,Vacuum Truck,Vacuum Truck,36.3,9.84,3.65,5.39,1.73,0.0,,36.3,135.0,0.0,52.3,train
2026-04-28,VT 03,Vacuum Truck,Vacuum Truck,31.8,9.7,2.92,4.87,1.95,0.0,,31.8,0.0,0.0,26.0,train
2026-04-29,VT 03,Vacuum Truck,Vacuum Truck,32.0,4.41,2.59,4.41,1.82,0.0,,32.0,0.0,0.0,33.7,train
2026-04-30,VT 03,Vacuum Truck,Vacuum Truck,33.4,9.69,2.93,7.11,4.18,0.0,,33.4,0.0,0.0,36.6,train
2026-05-01,VT 03,Vacuum Truck,Vacuum Truck,45.6,10.58,3.61,5.93,2.32,0.0,,45.6,159.2,0.0,37.2,train
2026-05-02,VT 03,Vacuum Truck,Vacuum Truck,31.7,4.52,2.67,4.52,1.85,0.0,,31.7,0.0,0.0,39.0,train
2026-05-03,VT 03,Vacuum Truck,Vacuum Truck,46.1,5.92,3.94,5.92,1.98,0.0,,46.1,0.0,0.0,38.9,train
2026-05-04,VT 03,Vacuum Truck,Vacuum Truck,46.1,10.76,3.78,5.28,1.5,0.0,,46.1,0.0,0.0,42.6,train
2026-05-05,VT 03,Vacuum Truck,Vacuum Truck,37.1,4.74,3.25,4.6,1.36,0.0,,37.1,134.2,0.0,34.6,train
2026-05-06,VT 03,Vacuum Truck,Vacuum Truck,39.4,7.21,3.61,5.52,1.91,0.0,,39.4,0.0,0.0,31.1,train
2026-05-07,VT 03,Vacuum Truck,Vacuum Truck,20.9,3.86,2.06,3.86,1.8,0.0,,20.9,0.0,0.0,17.8,train
2026-05-08,VT 03,Vacuum Truck,Vacuum Truck,19.0,2.91,2.07,2.91,0.84,0.0,,19.0,0.0,0.0,12.0,train
2026-05-09,VT 03,Vacuum Truck,Vacuum Truck,31.5,4.6,2.97,4.47,1.5,0.0,,31.5,134.8,0.0,40.3,train
2026-05-10,VT 03,Vacuum Truck,Vacuum Truck,21.6,11.96,2.68,5.87,3.19,0.0,,21.6,0.0,0.0,22.7,train
2026-05-11,VT 03,Vacuum Truck,Vacuum Truck,31.1,7.06,3.14,7.06,3.91,0.0,,31.1,0.0,0.0,23.5,train
2026-05-13,VT 03,Vacuum Truck,Vacuum Truck,38.0,6.87,3.56,6.87,3.31,0.0,,38.0,164.1,0.0,52.5,train
2026-05-14,VT 03,Vacuum Truck,Vacuum Truck,35.1,10.76,3.31,10.76,7.44,0.0,,35.1,0.0,0.0,52.1,train
2026-05-15,VT 03,Vacuum Truck,Vacuum Truck,31.5,4.3,2.77,4.22,1.45,0.0,,31.5,0.0,0.0,24.8,train
2026-05-16,VT 03,Vacuum Truck,Vacuum Truck,37.8,8.88,3.61,5.44,1.82,0.0,,37.8,0.0,0.0,51.0,train
2026-05-17,VT 03,Vacuum Truck,Vacuum Truck,41.4,12.61,3.35,5.38,2.03,0.0,,41.4,186.9,0.0,37.8,train
2026-05-18,VT 03,Vacuum Truck,Vacuum Truck,34.4,22.28,15.26,16.1,0.84,0.0,,32.3,0.0,0.0,32.7,train
2026-05-19,VT 03,Vacuum Truck,Vacuum Truck,31.6,4.52,2.85,3.7,0.86,0.0,,31.6,0.0,0.0,20.8,train
2026-05-20,VT 03,Vacuum Truck,Vacuum Truck,31.0,16.33,1.84,16.33,14.49,0.0,,31.0,0.0,0.0,20.8,train
2026-05-21,VT 03,Vacuum Truck,Vacuum Truck,57.1,14.58,5.27,7.64,2.37,0.0,,57.1,182.4,0.0,58.9,train
2026-05-22,VT 03,Vacuum Truck,Vacuum Truck,50.0,9.78,4.37,6.38,2.02,0.0,,50.0,0.0,0.0,37.4,train
2026-05-23,VT 03,Vacuum Truck,Vacuum Truck,42.6,9.43,3.79,5.14,1.35,0.0,,42.6,0.0,0.0,30.9,train
2026-05-24,VT 03,Vacuum Truck,Vacuum Truck,41.6,5.24,3.81,5.24,1.43,0.0,,41.6,0.0,0.0,26.6,train
2026-05-25,VT 03,Vacuum Truck,Vacuum Truck,44.6,10.19,4.07,5.52,1.45,0.0,,44.6,200.4,0.0,53.1,train
2026-05-26,VT 03,Vacuum Truck,Vacuum Truck,42.4,10.01,3.68,5.24,1.55,0.0,,42.4,0.0,0.0,31.7,train
2026-05-27,VT 03,Vacuum Truck,Vacuum Truck,42.4,12.12,3.85,5.05,1.19,0.0,,42.4,0.0,0.0,29.6,train
2026-05-28,VT 03,Vacuum Truck,Vacuum Truck,42.0,9.92,3.87,5.58,1.7,0.0,,42.0,0.0,0.0,30.5,train
2026-05-29,VT 03,Vacuum Truck,Vacuum Truck,51.7,9.04,4.79,7.33,2.53,0.0,,51.7,219.0,0.0,41.3,train
2026-05-30,VT 03,Vacuum Truck,Vacuum Truck,48.0,7.22,4.11,6.21,2.1,0.0,,48.0,0.0,0.0,60.4,train
2026-05-31,VT 03,Vacuum Truck,Vacuum Truck,31.0,4.61,3.16,4.61,1.45,0.0,,31.0,0.0,0.0,25.5,train
2026-06-01,VT 03,Vacuum Truck,Vacuum Truck,35.4,7.41,4.33,5.3,0.97,0.0,,35.4,0.0,0.0,33.1,train
2026-06-02,VT 03,Vacuum Truck,Vacuum Truck,33.0,7.9,3.46,4.63,1.17,0.0,,32.0,230.2,0.0,47.2,train
2026-06-04,VT 03,Vacuum Truck,Vacuum Truck,37.0,18.72,3.35,16.3,12.95,0.0,,38.6,0.0,0.0,36.8,train
2026-06-08,VT 03,Vacuum Truck,Vacuum Truck,39.0,8.04,3.79,5.51,1.72,0.0,,39.0,0.0,0.0,51.7,train
2026-06-09,VT 03,Vacuum Truck,Vacuum Truck,24.3,6.84,2.11,6.84,4.73,0.0,,24.3,0.0,0.0,23.3,train
2026-06-10,VT 03,Vacuum Truck,Vacuum Truck,27.2,5.56,2.78,4.98,2.2,0.0,,27.2,193.2,40.8,39.3,train
2026-06-11,VT 03,Vacuum Truck,Vacuum Truck,26.0,3.68,2.21,3.68,1.47,0.0,,26.0,0.0,0.0,36.5,train
2026-06-12,VT 03,Vacuum Truck,Vacuum Truck,28.3,6.83,2.75,6.83,4.08,0.0,,28.3,0.0,0.0,23.4,train
2026-06-14,VT 03,Vacuum Truck,Vacuum Truck,27.3,9.17,2.52,7.59,5.07,0.0,,27.3,170.6,0.0,27.9,train
2026-06-15,VT 03,Vacuum Truck,Vacuum Truck,35.3,9.57,3.24,5.29,2.04,0.0,,35.3,0.0,0.0,13.9,train
2026-06-16,VT 03,Vacuum Truck,Vacuum Truck,35.1,5.38,3.32,5.38,2.07,0.0,,35.1,0.0,0.0,27.4,train
2026-06-17,VT 03,Vacuum Truck,Vacuum Truck,41.7,6.45,3.6,4.85,1.25,0.0,,41.7,0.0,0.0,31.1,train
2026-06-18,VT 03,Vacuum Truck,Vacuum Truck,49.7,9.5,4.65,6.21,1.56,0.0,,49.7,201.2,0.0,56.8,train
2026-06-19,VT 03,Vacuum Truck,Vacuum Truck,50.1,9.24,4.7,6.52,1.82,0.0,,50.1,0.0,0.0,42.1,train
2026-06-20,VT 03,Vacuum Truck,Vacuum Truck,41.7,9.56,4.03,5.23,1.19,0.0,,41.7,0.0,0.0,26.0,train
2026-06-21,VT 03,Vacuum Truck,Vacuum Truck,42.6,5.94,3.85,4.97,1.12,0.0,,42.6,0.0,0.0,34.2,train
2026-06-23,VT 03,Vacuum Truck,Vacuum Truck,45.6,9.39,4.27,5.33,1.06,0.0,,45.6,0.0,0.0,42.1,train
2026-06-24,VT 03,Vacuum Truck,Vacuum Truck,23.5,8.72,2.4,2.98,0.59,0.0,,23.5,0.0,0.0,18.8,train
2026-06-25,VT 03,Vacuum Truck,Vacuum Truck,32.8,4.07,2.82,4.07,1.25,0.0,,32.8,0.0,0.0,28.4,train
2026-06-27,VT 03,Vacuum Truck,Vacuum Truck,37.9,9.03,3.56,5.52,1.96,0.0,,37.9,0.0,0.0,31.8,train
2026-06-28,VT 03,Vacuum Truck,Vacuum Truck,62.8,12.89,5.33,7.97,2.64,0.0,,62.8,0.0,0.0,41.9,train
2026-06-29,VT 03,Vacuum Truck,Vacuum Truck,63.2,9.41,5.7,8.12,2.43,0.0,,63.2,0.0,0.0,40.3,train
2026-07-01,VT 03,Vacuum Truck,Vacuum Truck,41.5,7.17,3.87,5.09,1.22,0.0,,41.5,0.0,0.0,27.9,train
2026-07-03,VT 03,Vacuum Truck,Vacuum Truck,54.0,10.03,4.97,6.97,2.0,0.0,,54.0,0.0,0.0,30.8,train
2026-07-04,VT 03,Vacuum Truck,Vacuum Truck,60.0,9.4,5.04,7.31,2.27,0.0,,60.0,216.7,0.0,56.0,train
2026-07-05,VT 03,Vacuum Truck,Vacuum Truck,17.7,6.97,1.92,2.71,0.79,0.0,,17.7,0.0,0.0,14.9,train
2026-07-06,VT 03,Vacuum Truck,Vacuum Truck,11.7,7.39,1.28,6.11,4.84,0.0,,11.7,0.0,0.0,19.7,train
2026-07-07,VT 03,Vacuum Truck,Vacuum Truck,8.9,6.23,1.06,3.07,2.01,0.0,,8.9,0.0,0.0,9.5,train
2026-07-09,VT 03,Vacuum Truck,Vacuum Truck,51.1,5.86,2.53,5.86,3.33,0.0,,51.1,0.0,0.0,31.9,train
2026-07-10,VT 03,Vacuum Truck,Vacuum Truck,63.2,8.51,3.53,8.51,4.97,0.0,,63.2,0.0,0.0,44.5,train
2026-07-11,VT 03,Vacuum Truck,Vacuum Truck,63.0,7.06,3.23,7.06,3.83,0.0,,63.0,0.0,0.0,40.3,train
2026-07-12,VT 03,Vacuum Truck,Vacuum Truck,64.7,9.36,3.69,7.41,3.72,0.0,,64.7,233.4,38.2,44.5,train
2026-07-13,VT 03,Vacuum Truck,Vacuum Truck,62.4,6.75,3.33,6.75,3.42,0.0,,62.4,0.0,0.0,35.7,train
2026-07-14,VT 03,Vacuum Truck,Vacuum Truck,62.6,9.49,3.7,6.47,2.77,0.0,,62.6,0.0,0.0,55.4,train
2026-07-15,VT 03,Vacuum Truck,Vacuum Truck,62.2,7.06,3.14,6.43,3.29,0.0,,62.2,0.0,0.0,35.6,train
2026-07-17,VT 03,Vacuum Truck,Vacuum Truck,63.0,7.11,3.47,6.45,2.98,0.0,,63.0,0.0,0.0,33.8,train
2026-07-18,VT 03,Vacuum Truck,Vacuum Truck,62.9,6.65,3.47,5.7,2.24,0.0,,62.9,0.0,0.0,32.2,train
2026-07-19,VT 03,Vacuum Truck,Vacuum Truck,62.9,6.67,3.36,6.21,2.85,0.0,,62.9,0.0,0.0,32.6,train
2026-07-20,VT 03,Vacuum Truck,Vacuum Truck,64.6,8.0,3.52,6.67,3.15,0.0,,64.6,258.0,0.0,34.9,train
2026-07-21,VT 03,Vacuum Truck,Vacuum Truck,54.2,6.49,2.81,5.66,2.85,0.0,,54.2,0.0,0.0,33.7,train
2026-07-22,VT 03,Vacuum Truck,Vacuum Truck,63.6,6.17,3.29,6.16,2.87,0.0,,63.6,0.0,0.0,36.1,train
2026-07-23,VT 03,Vacuum Truck,Vacuum Truck,63.5,6.07,3.27,6.07,2.8,0.0,,63.5,0.0,0.0,37.9,test
2026-07-25,VT 03,Vacuum Truck,Vacuum Truck,63.4,6.23,3.5,5.68,2.17,0.0,,63.4,0.0,0.0,34.6,test
2026-07-26,VT 03,Vacuum Truck,Vacuum Truck,63.4,6.58,3.27,5.67,2.39,0.0,,63.4,0.0,0.0,38.4,test
2026-07-27,VT 03,Vacuum Truck,Vacuum Truck,72.4,7.4,3.59,6.5,2.91,0.0,,72.4,0.0,0.0,45.5,test
2026-07-28,VT 03,Vacuum Truck,Vacuum Truck,58.5,7.51,3.76,6.47,2.72,0.0,,58.5,230.5,46.1,25.2,test
2026-07-29,VT 03,Vacuum Truck,Vacuum Truck,63.7,7.5,4.25,7.19,2.94,0.0,,63.7,0.0,0.0,37.9,test
2026-07-30,VT 03,Vacuum Truck,Vacuum Truck,50.9,6.13,2.86,4.57,1.71,0.0,,50.9,0.0,0.0,24.5,test
2026-07-31,VT 03,Vacuum Truck,Vacuum Truck,57.6,7.81,3.33,5.89,2.56,0.0,,57.6,0.0,0.0,32.9,test
2026-08-02,VT 03,Vacuum Truck,Vacuum Truck,64.1,7.93,4.1,6.65,2.55,0.0,,64.1,0.0,0.0,63.1,test
2026-08-03,VT 03,Vacuum Truck,Vacuum Truck,64.3,9.2,4.31,7.87,3.56,0.0,,64.3,0.0,0.0,45.2,test
2026-08-04,VT 03,Vacuum Truck,Vacuum Truck,59.9,8.71,3.87,8.28,4.41,0.0,,59.9,0.0,0.0,38.2,test
2026-08-06,VT 03,Vacuum Truck,Vacuum Truck,66.4,7.59,4.75,7.59,2.84,0.0,,66.4,0.0,0.0,37.0,test
2026-08-07,VT 03,Vacuum Truck,Vacuum Truck,77.9,9.28,5.12,9.28,4.16,0.0,,77.9,0.0,0.0,43.4,test
2026-08-08,VT 03,Vacuum Truck,Vacuum Truck,73.2,8.63,4.86,8.63,3.78,0.0,,73.2,0.0,0.0,41.9,test
2026-08-09,VT 03,Vacuum Truck,Vacuum Truck,77.6,11.4,5.0,9.26,4.26,0.0,,77.6,221.4,0.0,54.4,test
2026-08-10,VT 03,Vacuum Truck,Vacuum Truck,59.5,7.48,3.8,6.72,2.92,0.0,,59.5,0.0,0.0,34.3,test
2026-08-11,VT 03,Vacuum Truck,Vacuum Truck,59.6,6.52,3.72,6.52,2.79,0.0,,59.6,0.0,0.0,36.7,test
2026-08-12,VT 03,Vacuum Truck,Vacuum Truck,59.4,6.84,3.83,6.84,3.01,0.0,,59.4,0.0,0.0,32.8,test
2026-08-14,VT 03,Vacuum Truck,Vacuum Truck,63.4,7.62,3.92,6.84,2.92,0.0,,63.4,0.0,0.0,37.9,test
2026-08-15,VT 03,Vacuum Truck,Vacuum Truck,59.6,6.36,3.94,6.15,2.21,0.0,,59.6,0.0,0.0,34.0,test
2026-08-16,VT 03,Vacuum Truck,Vacuum Truck,57.1,5.83,3.55,5.83,2.29,0.0,,57.1,0.0,0.0,50.7,test
2026-08-18,VT 03,Vacuum Truck,Vacuum Truck,57.6,6.08,3.58,6.08,2.51,0.0,,57.6,0.0,0.0,34.5,test
2026-08-19,VT 03,Vacuum Truck,Vacuum Truck,57.0,6.8,3.48,6.52,3.04,0.0,,57.0,0.0,0.0,35.5,test
2026-08-20,VT 03,Vacuum Truck,Vacuum Truck,56.8,8.1,3.71,6.46,2.74,0.0,,56.8,0.0,0.0,32.2,test
2026-04-08,VT 04,Vacuum Truck,Vacuum Truck,32.5,5.21,3.79,5.21,1.41,0.0,,23.0,0.0,0.0,29.0,train
2026-04-09,VT 04,Vacuum Truck,Vacuum Truck,27.4,4.82,3.15,4.82,1.67,0.0,,27.4,0.0,0.0,25.2,train
2026-04-10,VT 04,Vacuum Truck,Vacuum Truck,57.7,8.69,5.82,8.69,2.86,0.0,,57.7,0.0,0.0,41.9,train
2026-04-11,VT 04,Vacuum Truck,Vacuum Truck,43.7,7.44,4.79,7.44,2.65,0.0,,43.7,0.0,0.0,35.8,train
2026-04-12,VT 04,Vacuum Truck,Vacuum Truck,33.9,6.29,3.78,6.29,2.5,0.0,,27.9,190.6,0.0,21.8,train
2026-04-14,VT 04,Vacuum Truck,Vacuum Truck,27.4,5.29,3.15,5.29,2.14,0.0,,27.4,0.0,0.0,21.9,train
2026-04-15,VT 04,Vacuum Truck,Vacuum Truck,42.1,5.52,3.85,5.52,1.67,0.0,,42.1,0.0,0.0,17.2,train
2026-04-16,VT 04,Vacuum Truck,Vacuum Truck,27.5,5.37,3.21,5.37,2.16,0.0,,27.5,0.0,0.0,35.5,train
2026-04-17,VT 04,Vacuum Truck,Vacuum Truck,27.9,7.29,3.49,7.29,3.8,0.0,,26.9,151.6,0.0,19.0,train
2026-04-19,VT 04,Vacuum Truck,Vacuum Truck,61.1,8.57,5.06,8.57,3.51,0.0,,61.1,0.0,0.0,29.4,train
2026-04-20,VT 04,Vacuum Truck,Vacuum Truck,31.6,9.36,3.45,9.36,5.9,0.0,,31.6,0.0,0.0,44.6,train
2026-04-21,VT 04,Vacuum Truck,Vacuum Truck,31.4,7.81,3.26,7.48,4.21,0.0,,31.4,0.0,0.0,36.1,train
2026-04-22,VT 04,Vacuum Truck,Vacuum Truck,29.0,6.23,3.14,6.23,3.09,0.0,,29.0,215.8,35.5,20.1,train
2026-04-23,VT 04,Vacuum Truck,Vacuum Truck,59.5,6.65,3.34,6.65,3.31,0.0,,59.5,0.0,0.0,53.4,train
2026-04-24,VT 04,Vacuum Truck,Vacuum Truck,23.3,8.84,3.22,8.06,4.84,0.0,,23.3,0.0,0.0,44.9,train
2026-04-25,VT 04,Vacuum Truck,Vacuum Truck,59.4,4.86,3.07,4.86,1.79,0.0,,59.4,0.0,0.0,57.2,train
2026-04-26,VT 04,Vacuum Truck,Vacuum Truck,14.0,9.01,2.04,5.41,3.38,0.0,,14.0,0.0,0.0,16.0,train
2026-04-27,VT 04,Vacuum Truck,Vacuum Truck,42.2,7.98,4.32,5.94,1.61,0.0,,42.2,234.2,0.0,36.7,train
2026-04-28,VT 04,Vacuum Truck,Vacuum Truck,31.1,3.98,2.52,3.98,1.46,0.0,,31.1,0.0,0.0,28.5,train
2026-04-29,VT 04,Vacuum Truck,Vacuum Truck,29.4,5.12,3.67,5.12,1.45,0.0,,29.4,0.0,0.0,48.5,train
2026-04-30,VT 04,Vacuum Truck,Vacuum Truck,30.1,4.04,2.57,4.04,1.47,0.0,,30.1,0.0,0.0,18.8,train
2026-05-01,VT 04,Vacuum Truck,Vacuum Truck,35.7,4.64,3.04,4.64,1.6,0.0,,35.7,0.0,0.0,38.5,train
2026-05-02,VT 04,Vacuum Truck,Vacuum Truck,38.7,5.83,3.15,5.65,2.5,0.0,,38.7,179.2,0.0,44.2,train
2026-05-03,VT 04,Vacuum Truck,Vacuum Truck,51.5,8.01,5.53,8.01,2.48,0.0,,51.5,0.0,0.0,33.6,train
2026-05-04,VT 04,Vacuum Truck,Vacuum Truck,41.3,6.13,4.49,6.13,1.64,0.0,,41.3,0.0,0.0,34.7,train
2026-05-05,VT 04,Vacuum Truck,Vacuum Truck,26.9,4.86,3.24,4.86,1.61,0.0,,26.9,0.0,0.0,18.9,train
2026-05-06,VT 04,Vacuum Truck,Vacuum Truck,28.8,7.64,3.39,7.64,4.25,0.0,,28.8,0.0,0.0,14.8,train
2026-05-07,VT 04,Vacuum Truck,Vacuum Truck,30.1,9.73,3.48,7.18,3.71,0.0,,30.1,191.5,0.0,28.1,train
2026-05-08,VT 04,Vacuum Truck,Vacuum Truck,44.0,5.59,4.35,5.59,1.24,0.0,,44.0,0.0,0.0,20.9,train
2026-05-09,VT 04,Vacuum Truck,Vacuum Truck,39.1,7.35,3.65,7.35,3.7,0.0,,39.1,0.0,0.0,32.0,train
2026-05-10,VT 04,Vacuum Truck,Vacuum Truck,26.9,4.84,3.28,4.84,1.56,0.0,,26.9,0.0,0.0,21.9,train
2026-05-11,VT 04,Vacuum Truck,Vacuum Truck,26.6,6.71,3.77,6.71,2.94,0.0,,26.6,0.0,0.0,22.4,train
2026-05-12,VT 04,Vacuum Truck,Vacuum Truck,28.3,9.1,3.41,8.33,4.92,0.0,,28.3,189.7,0.0,14.3,train
2026-05-13,VT 04,Vacuum Truck,Vacuum Truck,31.6,7.18,3.52,7.18,3.66,0.0,,31.6,0.0,0.0,37.4,train
2026-05-14,VT 04,Vacuum Truck,Vacuum Truck,26.7,5.68,3.37,5.68,2.31,0.0,,26.7,0.0,0.0,19.2,train
2026-05-15,VT 04,Vacuum Truck,Vacuum Truck,27.3,4.68,3.24,4.68,1.44,0.0,,27.3,0.0,0.0,22.1,train
2026-05-17,VT 04,Vacuum Truck,Vacuum Truck,32.6,9.06,3.54,8.42,4.88,0.0,,32.6,173.2,0.0,20.4,train
2026-05-18,VT 04,Vacuum Truck,Vacuum Truck,27.3,4.86,3.16,4.86,1.7,0.0,,27.3,0.0,0.0,48.2,train
2026-05-19,VT 04,Vacuum Truck,Vacuum Truck,27.6,5.06,3.29,5.06,1.77,0.0,,27.6,0.0,0.0,28.9,train
2026-05-20,VT 04,Vacuum Truck,Vacuum Truck,27.6,4.68,3.62,4.54,0.92,0.0,,27.6,0.0,0.0,43.7,train
2026-05-21,VT 04,Vacuum Truck,Vacuum Truck,34.9,16.46,4.42,6.75,2.32,0.0,,34.9,0.0,0.0,49.7,train
2026-05-22,VT 04,Vacuum Truck,Vacuum Truck,38.6,8.15,4.41,8.15,3.74,0.0,,38.6,274.8,0.0,45.3,train
2026-05-24,VT 04,Vacuum Truck,Vacuum Truck,30.9,7.2,3.48,7.2,3.72,0.0,,30.9,0.0,0.0,23.3,train
2026-05-25,VT 04,Vacuum Truck,Vacuum Truck,22.5,2.93,1.81,2.59,0.79,0.0,,22.5,0.0,0.0,56.7,train
2026-05-26,VT 04,Vacuum Truck,Vacuum Truck,31.1,3.38,2.34,3.38,1.04,0.0,,31.1,0.0,0.0,16.6,train
2026-05-27,VT 04,Vacuum Truck,Vacuum Truck,45.1,11.23,3.29,5.56,2.27,0.0,,45.1,210.8,0.0,17.4,train
2026-05-28,VT 04,Vacuum Truck,Vacuum Truck,26.8,6.2,3.28,6.2,2.91,0.0,,26.8,0.0,0.0,32.2,train
2026-05-29,VT 04,Vacuum Truck,Vacuum Truck,36.7,6.92,4.81,6.92,2.1,0.0,,36.7,0.0,0.0,45.2,train
2026-05-30,VT 04,Vacuum Truck,Vacuum Truck,43.6,7.52,4.47,7.52,3.04,0.0,,43.6,0.0,0.0,32.6,train
2026-05-31,VT 04,Vacuum Truck,Vacuum Truck,51.9,11.83,5.91,8.96,3.05,0.0,,51.9,0.0,0.0,54.8,train
2026-06-01,VT 04,Vacuum Truck,Vacuum Truck,28.4,5.99,3.24,5.99,2.75,0.0,,27.0,278.8,0.0,15.2,train
2026-06-03,VT 04,Vacuum Truck,Vacuum Truck,26.1,5.47,1.85,5.47,3.61,0.0,,26.1,0.0,0.0,21.9,train
2026-06-04,VT 04,Vacuum Truck,Vacuum Truck,48.5,19.68,4.29,19.68,15.39,0.0,,48.5,0.0,0.0,39.2,train
2026-06-05,VT 04,Vacuum Truck,Vacuum Truck,37.9,6.22,4.22,6.22,1.99,0.0,,37.9,0.0,0.0,60.7,train
2026-06-07,VT 04,Vacuum Truck,Vacuum Truck,27.1,5.05,3.18,5.05,1.87,0.0,,22.6,0.0,0.0,32.1,train
2026-06-08,VT 04,Vacuum Truck,Vacuum Truck,51.3,9.86,5.53,8.59,3.06,0.0,,51.3,0.0,0.0,47.5,train
2026-06-09,VT 04,Vacuum Truck,Vacuum Truck,34.5,4.72,3.14,4.72,1.58,0.0,,34.5,0.0,0.0,53.9,train
2026-06-10,VT 04,Vacuum Truck,Vacuum Truck,25.4,5.55,3.1,5.55,2.45,0.0,,25.4,0.0,0.0,23.7,train
2026-06-11,VT 04,Vacuum Truck,Vacuum Truck,26.0,4.4,3.02,4.4,1.37,0.0,,25.1,183.0,0.0,15.0,train
2026-06-12,VT 04,Vacuum Truck,Vacuum Truck,21.3,4.78,2.98,4.78,1.8,0.0,,21.3,0.0,0.0,38.7,train
2026-06-13,VT 04,Vacuum Truck,Vacuum Truck,26.8,8.4,3.68,7.66,3.98,0.0,,26.8,0.0,0.0,24.0,train
2026-06-14,VT 04,Vacuum Truck,Vacuum Truck,27.5,4.42,2.14,3.52,1.39,0.0,,27.5,0.0,40.3,8.5,train
2026-06-15,VT 04,Vacuum Truck,Vacuum Truck,46.5,7.14,3.0,7.02,4.02,0.0,,43.3,0.0,0.0,39.9,train
2026-06-16,VT 04,Vacuum Truck,Vacuum Truck,82.6,23.9,4.86,9.75,4.9,0.0,,85.6,216.9,0.0,24.5,train
2026-06-17,VT 04,Vacuum Truck,Vacuum Truck,88.9,0.21,4.55,9.69,5.14,0.0,,88.9,0.0,40.3,44.9,train
2026-06-18,VT 04,Vacuum Truck,Vacuum Truck,81.4,23.91,3.8,7.98,4.18,0.0,,77.8,0.0,102.2,36.3,train
2026-06-19,VT 04,Vacuum Truck,Vacuum Truck,70.2,23.89,4.29,9.78,5.49,0.0,,73.3,248.1,0.0,20.9,train
2026-06-20,VT 04,Vacuum Truck,Vacuum Truck,63.9,23.98,3.23,7.47,4.24,0.0,,63.9,0.0,41.1,40.7,train
2026-06-21,VT 04,Vacuum Truck,Vacuum Truck,68.2,0.12,3.35,8.96,5.6,0.0,,68.2,0.0,0.0,65.0,train
2026-06-22,VT 04,Vacuum Truck,Vacuum Truck,68.1,0.02,3.57,7.45,3.88,0.0,,64.5,0.0,0.0,39.7,train
2026-06-23,VT 04,Vacuum Truck,Vacuum Truck,110.9,18.47,6.52,15.05,8.53,0.0,,113.6,286.3,100.5,56.6,train
2026-06-24,VT 04,Vacuum Truck,Vacuum Truck,80.1,11.03,5.16,11.03,5.87,0.0,,80.1,0.0,0.0,42.5,train
2026-06-25,VT 04,Vacuum Truck,Vacuum Truck,80.0,9.84,4.61,9.84,5.23,0.0,,80.0,0.0,33.9,51.6,train
2026-06-26,VT 04,Vacuum Truck,Vacuum Truck,80.5,9.52,4.57,9.52,4.95,0.0,,80.5,0.0,0.0,49.8,train
2026-06-27,VT 04,Vacuum Truck,Vacuum Truck,82.2,9.24,4.45,9.23,4.79,0.0,,82.2,255.5,0.0,41.0,train
2026-06-28,VT 04,Vacuum Truck,Vacuum Truck,80.7,9.02,4.47,8.83,4.36,0.0,,80.7,0.0,0.0,42.9,train
2026-06-30,VT 04,Vacuum Truck,Vacuum Truck,67.6,23.56,3.46,7.53,4.07,0.0,,67.7,0.0,0.0,52.3,train
2026-07-01,VT 04,Vacuum Truck,Vacuum Truck,69.6,0.31,3.87,8.26,4.39,0.0,,69.6,233.5,35.0,33.4,train
2026-07-02,VT 04,Vacuum Truck,Vacuum Truck,67.7,0.07,3.28,7.87,4.6,0.0,,67.7,0.0,37.7,41.9,train
2026-07-03,VT 04,Vacuum Truck,Vacuum Truck,63.5,22.93,3.32,6.3,2.98,0.0,,63.4,0.0,31.2,20.0,train
2026-07-04,VT 04,Vacuum Truck,Vacuum Truck,71.9,0.28,3.31,7.47,4.15,0.0,,71.9,0.0,0.0,32.2,train
2026-07-05,VT 04,Vacuum Truck,Vacuum Truck,70.4,23.96,4.64,11.29,6.64,0.0,,70.4,250.1,0.0,41.6,train
2026-07-06,VT 04,Vacuum Truck,Vacuum Truck,67.9,23.9,3.35,6.37,3.03,0.0,,67.9,0.0,40.0,27.1,train
2026-07-07,VT 04,Vacuum Truck,Vacuum Truck,63.4,23.91,3.24,6.52,3.28,0.0,,63.1,0.0,53.0,17.7,train
2026-07-08,VT 04,Vacuum Truck,Vacuum Truck,85.1,0.15,4.07,8.79,4.72,0.0,,81.3,0.0,0.0,40.3,train
2026-07-09,VT 04,Vacuum Truck,Vacuum Truck,56.6,0.04,2.87,6.05,3.18,0.0,,60.4,252.8,0.0,64.3,train
2026-07-10,VT 04,Vacuum Truck,Vacuum Truck,72.0,23.76,3.88,7.13,3.24,0.0,,72.0,0.0,37.0,32.0,train
2026-07-11,VT 04,Vacuum Truck,Vacuum Truck,63.4,0.01,3.12,6.81,3.69,0.0,,63.3,0.0,0.0,40.9,train
2026-07-12,VT 04,Vacuum Truck,Vacuum Truck,72.1,0.08,3.68,7.31,3.64,0.0,,70.6,0.0,0.0,37.4,train
2026-07-13,VT 04,Vacuum Truck,Vacuum Truck,70.6,0.56,4.32,9.64,5.32,0.0,,71.4,230.3,44.1,77.2,train
2026-07-14,VT 04,Vacuum Truck,Vacuum Truck,63.7,23.69,3.25,6.37,3.11,0.0,,63.7,0.0,40.0,48.0,train
2026-07-15,VT 04,Vacuum Truck,Vacuum Truck,72.2,23.79,3.79,7.0,3.21,0.0,,72.2,0.0,0.0,59.6,train
2026-07-16,VT 04,Vacuum Truck,Vacuum Truck,68.0,23.89,3.55,6.46,2.91,0.0,,67.9,0.0,0.0,49.1,train
2026-07-17,VT 04,Vacuum Truck,Vacuum Truck,69.9,0.01,3.79,8.07,4.29,0.0,,69.1,206.7,0.0,35.2,train
2026-07-18,VT 04,Vacuum Truck,Vacuum Truck,59.5,0.16,2.99,6.31,3.33,0.0,,59.5,0.0,52.1,27.0,train
2026-07-19,VT 04,Vacuum Truck,Vacuum Truck,76.8,23.8,3.77,7.11,3.34,0.0,,76.8,0.0,0.0,43.4,train
2026-07-20,VT 04,Vacuum Truck,Vacuum Truck,63.3,0.48,3.47,6.72,3.25,0.0,,63.2,0.0,0.0,25.0,train
2026-07-22,VT 04,Vacuum Truck,Vacuum Truck,71.9,23.92,3.94,7.63,3.69,0.0,,54.7,0.0,0.0,46.1,train
2026-07-23,VT 04,Vacuum Truck,Vacuum Truck,63.4,23.79,3.48,6.61,3.13,0.0,,67.7,0.0,0.0,87.7,test
2026-07-24,VT 04,Vacuum Truck,Vacuum Truck,63.4,23.94,4.1,7.76,3.66,0.0,,63.4,0.0,0.0,40.4,test
2026-07-25,VT 04,Vacuum Truck,Vacuum Truck,72.0,0.1,3.63,7.5,3.87,0.0,,72.0,0.0,0.0,39.6,test
2026-07-28,VT 04,Vacuum Truck,Vacuum Truck,66.1,0.07,3.44,6.59,3.15,0.0,,60.2,0.0,0.0,72.7,test
2026-07-29,VT 04,Vacuum Truck,Vacuum Truck,53.2,23.92,2.99,7.03,4.04,0.0,,54.8,0.0,0.0,49.1,test
2026-07-30,VT 04,Vacuum Truck,Vacuum Truck,68.1,0.11,3.46,7.5,4.04,0.0,,65.9,0.0,0.0,46.7,test
2026-08-02,VT 04,Vacuum Truck,Vacuum Truck,62.9,23.79,3.96,7.4,3.44,0.0,,64.2,0.0,0.0,59.7,test
2026-08-03,VT 04,Vacuum Truck,Vacuum Truck,56.0,0.0,3.54,8.58,5.04,0.0,,56.3,0.0,0.0,59.4,test
2026-08-04,VT 04,Vacuum Truck,Vacuum Truck,61.2,0.0,4.09,8.97,4.88,0.0,,61.2,0.0,0.0,49.2,test
2026-08-05,VT 04,Vacuum Truck,Vacuum Truck,64.6,23.64,4.78,8.86,4.08,0.0,,64.6,214.2,0.0,66.3,test
2026-08-06,VT 04,Vacuum Truck,Vacuum Truck,59.2,0.0,3.75,7.62,3.87,0.0,,59.2,0.0,0.0,41.6,test
2026-08-07,VT 04,Vacuum Truck,Vacuum Truck,67.9,23.85,4.77,9.67,4.9,0.0,,67.9,0.0,0.0,56.5,test
2026-08-08,VT 04,Vacuum Truck,Vacuum Truck,56.7,0.0,3.92,8.53,4.61,0.0,,56.6,0.0,0.0,35.4,test
2026-08-09,VT 04,Vacuum Truck,Vacuum Truck,57.8,0.0,4.01,7.64,3.62,0.0,,56.1,0.0,0.0,49.2,test
2026-08-10,VT 04,Vacuum Truck,Vacuum Truck,63.4,23.89,4.57,8.58,4.01,0.0,,64.9,208.9,0.0,49.7,test
2026-08-11,VT 04,Vacuum Truck,Vacuum Truck,65.3,0.0,4.2,8.04,3.84,0.0,,63.9,0.0,0.0,51.9,test
2026-08-12,VT 04,Vacuum Truck,Vacuum Truck,56.4,23.99,3.51,7.21,3.7,0.0,,57.5,0.0,0.0,57.9,test
2026-08-13,VT 04,Vacuum Truck,Vacuum Truck,56.5,0.0,3.66,6.21,2.55,0.0,,56.5,0.0,0.0,48.1,test
2026-08-14,VT 04,Vacuum Truck,Vacuum Truck,60.2,23.93,4.37,7.29,2.91,0.0,,57.1,233.3,0.0,61.1,test
2026-08-15,VT 04,Vacuum Truck,Vacuum Truck,53.2,23.91,3.25,6.42,3.17,0.0,,54.2,0.0,0.0,52.4,test
2026-08-16,VT 04,Vacuum Truck,Vacuum Truck,66.6,23.89,4.09,8.39,4.3,0.0,,68.3,0.0,0.0,47.9,test
2026-08-17,VT 04,Vacuum Truck,Vacuum Truck,52.8,0.0,3.48,5.98,2.5,0.0,,50.7,0.0,0.0,56.3,test
2026-08-18,VT 04,Vacuum Truck,Vacuum Truck,52.7,23.93,3.39,6.16,2.77,0.0,,53.2,0.0,0.0,30.2,test
2026-08-19,VT 04,Vacuum Truck,Vacuum Truck,61.1,23.95,3.98,7.32,3.35,0.0,,61.8,241.8,0.0,33.5,test
2026-08-20,VT 04,Vacuum Truck,Vacuum Truck,58.8,0.0,3.91,7.37,3.46,0.0,,56.1,0.0,0.0,50.8,test
2026-03-02,VT 05,Vacuum Truck,Vacuum Truck,78.4,8.87,4.79,8.87,4.07,0.0,,78.4,0.0,36.5,51.1,train
2026-03-03,VT 05,Vacuum Truck,Vacuum Truck,66.2,8.53,4.88,8.53,3.65,0.0,,66.2,0.0,41.7,59.1,train
2026-03-07,VT 05,Vacuum Truck,Vacuum Truck,48.1,5.49,3.69,5.49,1.8,0.0,,48.1,0.0,36.8,35.4,train
2026-03-08,VT 05,Vacuum Truck,Vacuum Truck,46.7,7.86,4.88,7.86,2.98,0.0,,46.7,0.0,41.0,21.0,train
2026-03-12,VT 05,Vacuum Truck,Vacuum Truck,63.1,6.24,3.14,6.24,3.1,0.0,,63.1,0.0,31.6,43.5,train
2026-03-24,VT 05,Vacuum Truck,Vacuum Truck,39.3,8.99,3.98,6.19,2.21,0.0,,39.3,0.0,44.6,30.4,train
2026-03-27,VT 05,Vacuum Truck,Vacuum Truck,47.6,7.32,4.52,7.32,2.8,0.0,,47.6,0.0,33.6,39.6,train
2026-03-28,VT 05,Vacuum Truck,Vacuum Truck,48.1,5.71,4.34,5.71,1.36,0.0,,48.1,0.0,44.5,31.6,train
2026-03-29,VT 05,Vacuum Truck,Vacuum Truck,52.3,6.12,4.74,6.12,1.38,0.0,,52.3,0.0,38.4,39.6,train
2026-04-08,VT 05,Vacuum Truck,Vacuum Truck,30.5,4.74,3.5,4.74,1.23,0.0,,30.5,0.0,0.0,34.2,train
2026-04-10,VT 05,Vacuum Truck,Vacuum Truck,73.0,8.48,4.17,8.48,4.31,0.0,,61.8,0.0,0.0,40.9,train
2026-04-11,VT 05,Vacuum Truck,Vacuum Truck,59.2,6.04,2.97,6.04,3.07,0.0,,59.2,0.0,35.0,30.6,train
2026-04-12,VT 05,Vacuum Truck,Vacuum Truck,27.2,5.43,3.01,5.43,2.42,0.0,,27.2,0.0,0.0,55.2,train
2026-04-13,VT 05,Vacuum Truck,Vacuum Truck,27.8,4.7,3.01,4.38,1.37,0.0,,27.8,0.0,0.0,33.8,train
2026-04-14,VT 05,Vacuum Truck,Vacuum Truck,31.3,5.58,3.58,4.77,1.19,0.0,,31.3,208.0,0.0,40.7,train
2026-04-15,VT 05,Vacuum Truck,Vacuum Truck,17.1,3.1,2.19,2.8,0.61,0.0,,17.1,0.0,0.0,22.0,train
2026-04-16,VT 05,Vacuum Truck,Vacuum Truck,28.1,7.05,3.29,7.05,3.76,0.0,,28.1,0.0,0.0,27.9,train
2026-04-17,VT 05,Vacuum Truck,Vacuum Truck,41.3,6.99,4.07,6.99,2.92,0.0,,41.3,0.0,0.0,45.0,train
2026-04-18,VT 05,Vacuum Truck,Vacuum Truck,17.3,9.45,2.22,9.45,7.23,0.0,,17.3,0.0,0.0,49.3,train
2026-04-20,VT 05,Vacuum Truck,Vacuum Truck,30.7,5.32,3.36,5.32,1.96,0.0,,30.7,0.0,0.0,42.9,train
2026-04-21,VT 05,Vacuum Truck,Vacuum Truck,30.7,10.85,3.71,6.09,2.38,0.0,,30.7,0.0,0.0,68.9,train
2026-04-22,VT 05,Vacuum Truck,Vacuum Truck,30.5,5.16,3.24,4.45,1.21,0.0,,30.5,0.0,0.0,35.3,train
2026-04-23,VT 05,Vacuum Truck,Vacuum Truck,59.3,7.11,3.06,6.99,3.92,0.0,,59.3,0.0,0.0,35.3,train
2026-04-24,VT 05,Vacuum Truck,Vacuum Truck,45.0,11.42,4.31,7.09,2.78,0.0,,45.0,282.6,0.0,79.3,train
2026-04-25,VT 05,Vacuum Truck,Vacuum Truck,59.3,5.1,2.9,5.1,2.2,0.0,,59.3,0.0,44.8,17.1,train
2026-04-26,VT 05,Vacuum Truck,Vacuum Truck,42.8,4.04,1.91,4.04,2.12,0.0,,42.8,0.0,0.0,57.3,train
2026-04-27,VT 05,Vacuum Truck,Vacuum Truck,27.3,5.82,3.17,5.82,2.64,0.0,,27.3,0.0,0.0,70.1,train
2026-04-28,VT 05,Vacuum Truck,Vacuum Truck,13.3,5.03,1.86,5.03,3.17,0.0,,13.3,0.0,0.0,24.1,train
2026-04-29,VT 05,Vacuum Truck,Vacuum Truck,28.8,6.39,3.35,6.39,3.04,0.0,,28.8,251.9,0.0,43.0,train
2026-04-30,VT 05,Vacuum Truck,Vacuum Truck,37.6,8.45,3.75,8.11,4.36,0.0,,37.6,0.0,52.3,51.7,train
2026-05-01,VT 05,Vacuum Truck,Vacuum Truck,27.1,5.67,3.06,5.67,2.61,0.0,,27.1,0.0,0.0,63.9,train
2026-05-02,VT 05,Vacuum Truck,Vacuum Truck,23.4,5.0,2.51,5.0,2.48,0.0,,23.4,0.0,0.0,18.2,train
2026-05-03,VT 05,Vacuum Truck,Vacuum Truck,16.6,4.64,1.91,4.64,2.73,0.0,,16.6,0.0,0.0,27.1,train
2026-05-04,VT 05,Vacuum Truck,Vacuum Truck,17.2,3.98,2.33,3.98,1.65,0.0,,13.4,257.5,0.0,20.0,train
2026-05-06,VT 05,Vacuum Truck,Vacuum Truck,36.9,5.26,3.59,5.26,1.67,0.0,,36.9,0.0,0.0,75.2,train
2026-05-07,VT 05,Vacuum Truck,Vacuum Truck,37.0,10.83,3.88,7.38,3.49,0.0,,37.0,0.0,39.0,19.7,train
2026-05-08,VT 05,Vacuum Truck,Vacuum Truck,22.5,4.44,2.97,4.44,1.47,0.0,,22.5,0.0,0.0,57.8,train
2026-05-09,VT 05,Vacuum Truck,Vacuum Truck,34.6,5.5,3.61,5.5,1.89,0.0,,34.6,252.2,0.0,20.2,train
2026-05-11,VT 05,Vacuum Truck,Vacuum Truck,43.4,11.8,5.5,9.08,3.58,0.0,,43.4,0.0,0.0,31.0,train
2026-05-12,VT 05,Vacuum Truck,Vacuum Truck,21.6,6.44,2.25,6.44,4.18,0.0,,21.6,0.0,0.0,33.1,train
2026-05-13,VT 05,Vacuum Truck,Vacuum Truck,21.7,6.0,2.75,5.23,2.48,0.0,,21.7,0.0,0.0,18.0,train
2026-05-15,VT 05,Vacuum Truck,Vacuum Truck,20.9,5.51,2.13,5.42,3.29,0.0,,20.9,0.0,0.0,61.4,train
2026-05-16,VT 05,Vacuum Truck,Vacuum Truck,34.2,8.32,3.74,8.18,4.44,0.0,,34.2,0.0,0.0,53.5,train
2026-05-17,VT 05,Vacuum Truck,Vacuum Truck,18.2,9.59,2.28,9.59,7.31,0.0,,18.2,0.0,0.0,34.2,train
2026-05-18,VT 05,Vacuum Truck,Vacuum Truck,30.3,6.68,3.56,5.64,2.07,0.0,,30.3,0.0,0.0,25.1,train
2026-05-19,VT 05,Vacuum Truck,Vacuum Truck,22.3,4.66,2.8,4.66,1.86,0.0,,22.3,269.3,0.0,24.5,train
2026-05-20,VT 05,Vacuum Truck,Vacuum Truck,22.2,16.22,2.36,16.22,13.86,0.0,,22.2,0.0,39.5,2.8,train
2026-05-21,VT 05,Vacuum Truck,Vacuum Truck,29.8,4.91,3.37,4.91,1.55,0.0,,29.8,0.0,0.0,25.4,train
2026-05-22,VT 05,Vacuum Truck,Vacuum Truck,40.5,9.23,4.24,9.23,4.99,0.0,,40.5,0.0,0.0,56.2,train
2026-05-23,VT 05,Vacuum Truck,Vacuum Truck,26.0,4.11,2.63,4.11,1.48,0.0,,26.0,0.0,0.0,52.8,train
2026-05-24,VT 05,Vacuum Truck,Vacuum Truck,30.2,7.66,3.78,6.83,3.06,0.0,,30.2,271.0,0.0,30.0,train
2026-05-25,VT 05,Vacuum Truck,Vacuum Truck,30.9,5.96,3.56,5.68,2.12,0.0,,30.9,0.0,41.6,31.6,train
2026-05-26,VT 05,Vacuum Truck,Vacuum Truck,62.2,10.08,6.63,10.08,3.45,0.0,,62.2,0.0,53.5,63.2,train
2026-05-27,VT 05,Vacuum Truck,Vacuum Truck,30.6,14.37,3.59,6.01,2.42,0.0,,30.6,0.0,0.0,35.0,train
2026-05-28,VT 05,Vacuum Truck,Vacuum Truck,32.5,6.17,3.54,6.17,2.62,0.0,,32.5,0.0,0.0,19.2,train
2026-05-29,VT 05,Vacuum Truck,Vacuum Truck,55.0,11.71,6.87,10.37,3.5,0.0,,55.0,269.7,0.0,60.9,train
2026-05-30,VT 05,Vacuum Truck,Vacuum Truck,40.7,9.33,4.52,9.33,4.81,0.0,,40.7,0.0,0.0,65.0,train
2026-05-31,VT 05,Vacuum Truck,Vacuum Truck,26.9,4.99,3.21,4.99,1.78,0.0,,26.9,0.0,0.0,75.0,train
2026-06-01,VT 05,Vacuum Truck,Vacuum Truck,30.6,5.33,3.72,5.05,1.33,0.0,,30.6,0.0,0.0,47.2,train
2026-06-02,VT 05,Vacuum Truck,Vacuum Truck,37.2,7.73,3.75,7.33,3.59,0.0,,37.2,0.0,0.0,20.6,train
2026-06-03,VT 05,Vacuum Truck,Vacuum Truck,24.1,4.89,2.94,4.89,1.95,0.0,,23.2,271.6,0.0,29.6,train
2026-06-04,VT 05,Vacuum Truck,Vacuum Truck,59.7,9.63,5.82,9.63,3.81,0.0,,46.2,0.0,0.0,64.9,train
2026-06-05,VT 05,Vacuum Truck,Vacuum Truck,42.8,13.21,2.91,11.99,9.08,0.0,,42.8,0.0,40.7,6.7,train
2026-06-06,VT 05,Vacuum Truck,Vacuum Truck,40.9,12.87,3.73,7.43,3.7,0.0,,40.9,0.0,0.0,30.6,train
2026-06-07,VT 05,Vacuum Truck,Vacuum Truck,43.0,8.74,3.45,7.92,4.47,0.0,,43.0,0.0,46.8,15.1,train
2026-06-09,VT 05,Vacuum Truck,Vacuum Truck,37.2,5.53,2.14,5.53,3.39,0.0,,37.2,0.0,0.0,32.9,train
2026-06-10,VT 05,Vacuum Truck,Vacuum Truck,42.6,4.73,2.37,4.73,2.36,0.0,,42.6,0.0,0.0,67.1,train
2026-06-11,VT 05,Vacuum Truck,Vacuum Truck,42.0,5.58,2.57,5.58,3.02,0.0,,42.0,0.0,0.0,74.2,train
2026-06-12,VT 05,Vacuum Truck,Vacuum Truck,41.3,6.24,2.41,6.24,3.84,0.0,,41.3,0.0,0.0,47.3,train
2026-06-14,VT 05,Vacuum Truck,Vacuum Truck,101.1,18.58,5.91,13.65,7.74,0.0,,76.6,0.0,108.9,55.9,train
2026-06-15,VT 05,Vacuum Truck,Vacuum Truck,114.4,17.2,6.17,12.81,6.64,0.0,,117.9,0.0,0.0,89.5,train
2026-06-17,VT 05,Vacuum Truck,Vacuum Truck,80.6,8.19,4.33,8.19,3.86,0.0,,72.1,0.0,0.0,67.1,train
2026-06-18,VT 05,Vacuum Truck,Vacuum Truck,77.9,8.28,4.1,8.28,4.18,0.0,,77.9,0.0,32.5,62.1,train
2026-06-19,VT 05,Vacuum Truck,Vacuum Truck,76.2,8.67,4.19,8.67,4.48,0.0,,76.2,0.0,0.0,57.8,train
2026-06-22,VT 05,Vacuum Truck,Vacuum Truck,80.9,8.45,4.07,8.45,4.38,0.0,,80.9,0.0,32.5,74.2,train
2026-06-23,VT 05,Vacuum Truck,Vacuum Truck,80.9,8.69,4.22,8.69,4.48,0.0,,80.9,0.0,0.0,84.9,train
2026-06-24,VT 05,Vacuum Truck,Vacuum Truck,87.7,11.49,5.17,11.01,5.84,0.0,,87.7,245.4,0.0,10.0,train
2026-06-25,VT 05,Vacuum Truck,Vacuum Truck,80.8,8.99,4.2,8.99,4.8,0.0,,80.8,0.0,0.0,55.2,train
2026-06-26,VT 05,Vacuum Truck,Vacuum Truck,80.6,8.63,4.32,8.63,4.31,0.0,,80.6,0.0,42.2,50.0,train
2026-06-27,VT 05,Vacuum Truck,Vacuum Truck,80.7,9.25,4.64,9.25,4.6,0.0,,80.7,0.0,0.0,75.1,train
2026-06-28,VT 05,Vacuum Truck,Vacuum Truck,82.7,9.48,4.59,9.48,4.89,0.0,,82.7,250.8,0.0,55.7,train
2026-06-29,VT 05,Vacuum Truck,Vacuum Truck,80.8,8.62,4.28,8.54,4.26,0.0,,80.8,0.0,45.6,31.2,train
2026-06-30,VT 05,Vacuum Truck,Vacuum Truck,80.7,8.71,4.57,8.71,4.14,0.0,,80.7,0.0,0.0,45.2,train
2026-07-01,VT 05,Vacuum Truck,Vacuum Truck,68.1,5.99,3.47,5.93,2.46,0.0,,68.1,0.0,0.0,24.3,train
2026-07-02,VT 05,Vacuum Truck,Vacuum Truck,82.5,9.09,4.72,9.09,4.37,0.0,,82.5,251.3,35.0,42.1,train
2026-07-03,VT 05,Vacuum Truck,Vacuum Truck,81.1,8.35,4.4,8.35,3.95,0.0,,81.1,0.0,35.5,41.7,train
2026-07-04,VT 05,Vacuum Truck,Vacuum Truck,81.2,7.6,3.89,7.6,3.71,0.0,,81.2,0.0,0.0,69.9,train
2026-07-05,VT 05,Vacuum Truck,Vacuum Truck,86.4,9.18,4.95,9.18,4.23,0.0,,86.4,0.0,0.0,32.2,train
2026-07-06,VT 05,Vacuum Truck,Vacuum Truck,40.2,15.86,2.88,5.03,2.14,0.0,,38.2,263.5,38.8,36.5,train
2026-07-07,VT 05,Vacuum Truck,Vacuum Truck,68.2,0.21,3.38,6.76,3.38,0.0,,69.6,0.0,62.9,26.1,train
2026-07-08,VT 05,Vacuum Truck,Vacuum Truck,76.8,23.84,4.2,8.67,4.47,0.0,,76.8,0.0,0.0,66.8,train
2026-07-09,VT 05,Vacuum Truck,Vacuum Truck,63.8,0.09,3.42,5.62,2.2,0.0,,63.8,0.0,0.0,44.9,train
2026-07-10,VT 05,Vacuum Truck,Vacuum Truck,69.9,23.98,4.66,8.7,4.04,0.0,,65.7,274.4,38.2,35.7,train
2026-07-11,VT 05,Vacuum Truck,Vacuum Truck,63.7,23.96,3.43,7.0,3.57,0.0,,67.8,0.0,0.0,33.3,train
2026-07-12,VT 05,Vacuum Truck,Vacuum Truck,72.4,0.03,3.68,7.53,3.85,0.0,,68.1,0.0,0.0,39.1,train
2026-07-13,VT 05,Vacuum Truck,Vacuum Truck,102.3,16.28,5.07,12.04,6.96,0.0,,106.4,0.0,0.0,71.0,train
2026-07-15,VT 05,Vacuum Truck,Vacuum Truck,76.7,7.89,3.98,7.89,3.91,0.0,,76.7,0.0,39.0,52.2,train
2026-07-16,VT 05,Vacuum Truck,Vacuum Truck,76.8,9.0,4.01,9.0,4.99,0.0,,76.8,0.0,0.0,40.6,train
2026-07-17,VT 05,Vacuum Truck,Vacuum Truck,76.7,8.7,3.93,8.7,4.76,0.0,,76.7,0.0,0.0,47.8,train
2026-07-18,VT 05,Vacuum Truck,Vacuum Truck,69.8,11.13,3.61,6.85,3.24,0.0,,69.8,257.2,38.1,23.7,train
2026-07-19,VT 05,Vacuum Truck,Vacuum Truck,67.8,8.66,3.41,8.22,4.81,0.0,,67.8,0.0,42.7,38.8,train
2026-07-20,VT 05,Vacuum Truck,Vacuum Truck,68.1,8.86,3.51,7.95,4.44,0.0,,68.1,0.0,0.0,38.0,train
2026-07-21,VT 05,Vacuum Truck,Vacuum Truck,68.2,7.71,3.46,7.59,4.13,0.0,,68.2,0.0,0.0,54.7,test
2026-07-22,VT 05,Vacuum Truck,Vacuum Truck,66.2,7.32,3.69,7.32,3.64,0.0,,66.2,259.6,0.0,18.5,test
2026-07-23,VT 05,Vacuum Truck,Vacuum Truck,67.9,7.32,3.5,7.32,3.82,0.0,,67.9,0.0,53.1,32.7,test
2026-07-24,VT 05,Vacuum Truck,Vacuum Truck,67.9,6.77,3.44,6.77,3.33,0.0,,67.9,0.0,0.0,55.7,test
2026-07-25,VT 05,Vacuum Truck,Vacuum Truck,64.6,6.89,3.33,6.89,3.56,0.0,,64.6,0.0,0.0,41.2,test
2026-07-27,VT 05,Vacuum Truck,Vacuum Truck,59.6,10.72,3.06,9.63,6.57,0.0,,59.6,0.0,0.0,48.7,test
2026-07-28,VT 05,Vacuum Truck,Vacuum Truck,65.1,8.08,4.0,8.08,4.07,0.0,,65.1,0.0,50.7,44.1,test
2026-07-29,VT 05,Vacuum Truck,Vacuum Truck,58.4,7.38,4.0,7.38,3.38,0.0,,58.4,0.0,35.6,55.4,test
2026-07-30,VT 05,Vacuum Truck,Vacuum Truck,54.7,6.48,3.53,6.48,2.95,0.0,,54.7,262.3,0.0,9.5,test
2026-07-31,VT 05,Vacuum Truck,Vacuum Truck,49.2,7.15,3.06,7.15,4.09,0.0,,49.2,0.0,54.1,26.1,test
2026-08-01,VT 05,Vacuum Truck,Vacuum Truck,64.7,9.58,4.34,9.58,5.24,0.0,,64.7,0.0,0.0,76.9,test
2026-08-02,VT 05,Vacuum Truck,Vacuum Truck,58.9,9.76,4.1,9.76,5.66,0.0,,58.9,0.0,52.5,48.8,test
2026-08-05,VT 05,Vacuum Truck,Vacuum Truck,63.2,23.98,4.0,7.39,3.4,0.0,,63.0,0.0,43.7,45.5,test
2026-08-06,VT 05,Vacuum Truck,Vacuum Truck,55.2,23.9,3.55,7.56,4.02,0.0,,56.0,0.0,0.0,64.5,test
2026-08-07,VT 05,Vacuum Truck,Vacuum Truck,65.6,23.88,5.27,10.63,5.36,0.0,,67.4,243.0,0.0,58.4,test
2026-08-08,VT 05,Vacuum Truck,Vacuum Truck,68.7,0.0,4.77,8.66,3.89,0.0,,66.0,0.0,0.0,43.8,test
2026-08-09,VT 05,Vacuum Truck,Vacuum Truck,54.0,23.91,3.68,7.51,3.83,0.0,,55.7,0.0,0.0,49.4,test
2026-08-10,VT 05,Vacuum Truck,Vacuum Truck,81.3,16.35,5.36,12.34,6.99,0.0,,82.1,0.0,0.0,64.9,test
2026-08-12,VT 05,Vacuum Truck,Vacuum Truck,58.6,9.17,4.27,9.1,4.83,0.0,,58.6,0.0,43.8,48.1,test
2026-08-13,VT 05,Vacuum Truck,Vacuum Truck,53.1,11.76,3.63,7.08,3.44,0.0,,53.1,0.0,63.9,29.6,test
2026-08-14,VT 05,Vacuum Truck,Vacuum Truck,63.5,9.61,4.31,8.24,3.94,0.0,,63.5,0.0,0.0,38.5,test
2026-08-16,VT 05,Vacuum Truck,Vacuum Truck,56.8,7.45,3.74,7.38,3.65,0.0,,56.8,0.0,44.0,42.4,test
2026-08-17,VT 05,Vacuum Truck,Vacuum Truck,44.9,7.23,3.65,7.14,3.49,0.0,,44.9,0.0,51.0,32.1,test
2026-08-18,VT 05,Vacuum Truck,Vacuum Truck,56.8,7.93,3.81,7.93,4.12,0.0,,56.8,0.0,0.0,72.4,test
2026-08-20,VT 05,Vacuum Truck,Vacuum Truck,56.1,8.57,4.1,8.49,4.39,0.0,,56.1,0.0,46.2,63.7,test
2026-08-21,VT 05,Vacuum Truck,Vacuum Truck,56.3,7.23,3.79,7.23,3.44,0.0,,56.3,0.0,0.0,50.3,test
2026-04-08,VT 06,Vacuum Truck,Vacuum Truck,111.0,11.22,5.49,11.22,5.73,0.0,,111.0,0.0,0.0,68.8,train
2026-04-09,VT 06,Vacuum Truck,Vacuum Truck,119.4,11.82,5.85,11.39,5.54,0.0,,119.4,0.0,0.0,46.7,train
2026-04-10,VT 06,Vacuum Truck,Vacuum Truck,103.2,10.57,5.04,10.57,5.54,0.0,,103.2,236.7,58.9,81.5,train
2026-04-11,VT 06,Vacuum Truck,Vacuum Truck,85.3,8.04,3.69,6.44,2.74,0.0,,85.3,0.0,0.0,46.6,train
2026-04-12,VT 06,Vacuum Truck,Vacuum Truck,102.8,7.9,4.71,7.9,3.19,0.0,,102.8,0.0,0.0,45.7,train
2026-04-13,VT 06,Vacuum Truck,Vacuum Truck,71.3,6.43,3.2,6.43,3.23,0.0,,71.3,0.0,0.0,44.3,train
2026-04-16,VT 06,Vacuum Truck,Vacuum Truck,70.0,7.14,3.35,7.14,3.79,0.0,,70.0,0.0,0.0,57.9,train
2026-04-17,VT 06,Vacuum Truck,Vacuum Truck,41.2,6.99,3.21,6.99,3.78,0.0,,41.2,161.7,0.0,75.5,train
2026-04-18,VT 06,Vacuum Truck,Vacuum Truck,42.1,9.71,3.21,8.64,5.43,0.0,,42.1,0.0,0.0,43.4,train
2026-04-19,VT 06,Vacuum Truck,Vacuum Truck,81.9,8.35,3.67,7.32,3.66,0.0,,81.9,0.0,0.0,74.8,train
2026-04-20,VT 06,Vacuum Truck,Vacuum Truck,94.1,8.81,4.26,8.81,4.55,0.0,,94.1,0.0,0.0,60.8,train
2026-04-21,VT 06,Vacuum Truck,Vacuum Truck,86.0,7.54,3.63,7.51,3.88,0.0,,86.0,203.9,0.0,62.4,train
2026-04-22,VT 06,Vacuum Truck,Vacuum Truck,144.3,13.99,6.4,13.99,7.59,0.0,,144.3,0.0,0.0,74.5,train
2026-04-23,VT 06,Vacuum Truck,Vacuum Truck,57.2,8.43,4.26,8.43,4.17,0.0,,57.2,0.0,0.0,46.9,train
2026-04-24,VT 06,Vacuum Truck,Vacuum Truck,83.6,8.64,4.5,8.64,4.14,0.0,,83.6,0.0,0.0,59.1,train
2026-04-25,VT 06,Vacuum Truck,Vacuum Truck,46.7,10.05,3.75,6.65,2.9,0.0,,46.7,239.1,0.0,26.8,train
2026-04-26,VT 06,Vacuum Truck,Vacuum Truck,73.4,8.88,3.17,4.3,1.13,0.0,,73.4,0.0,0.0,50.4,train
2026-04-27,VT 06,Vacuum Truck,Vacuum Truck,41.9,7.18,3.2,6.4,3.2,0.0,,41.9,0.0,0.0,38.9,train
2026-04-28,VT 06,Vacuum Truck,Vacuum Truck,48.6,8.2,3.59,5.43,1.83,0.0,,48.6,0.0,0.0,40.5,train
2026-04-29,VT 06,Vacuum Truck,Vacuum Truck,104.6,10.25,5.51,9.98,4.47,0.0,,104.6,0.0,78.6,21.1,train
2026-04-30,VT 06,Vacuum Truck,Vacuum Truck,70.6,8.3,3.07,8.3,5.24,0.0,,70.6,245.2,0.0,42.4,train
2026-05-01,VT 06,Vacuum Truck,Vacuum Truck,59.1,10.63,2.6,10.63,8.03,0.0,,59.1,0.0,0.0,44.1,train
2026-05-02,VT 06,Vacuum Truck,Vacuum Truck,69.5,9.46,4.06,8.24,4.18,0.0,,69.5,0.0,0.0,64.6,train
2026-05-03,VT 06,Vacuum Truck,Vacuum Truck,101.2,9.66,4.4,7.47,3.07,0.0,,101.2,0.0,47.0,38.3,train
2026-05-04,VT 06,Vacuum Truck,Vacuum Truck,62.8,7.67,2.94,6.68,3.74,0.0,,62.8,253.8,0.0,65.5,train
2026-05-05,VT 06,Vacuum Truck,Vacuum Truck,60.5,8.24,2.95,7.43,4.48,0.0,,60.5,0.0,0.0,49.8,train
2026-05-06,VT 06,Vacuum Truck,Vacuum Truck,59.6,6.82,3.16,5.29,2.13,0.0,,59.6,0.0,0.0,41.4,train
2026-05-07,VT 06,Vacuum Truck,Vacuum Truck,63.8,8.3,3.25,5.52,2.26,0.0,,63.8,0.0,0.0,26.8,train
2026-05-09,VT 06,Vacuum Truck,Vacuum Truck,99.6,8.14,5.2,8.14,2.94,0.0,,99.6,0.0,0.0,39.0,train
2026-05-10,VT 06,Vacuum Truck,Vacuum Truck,58.7,8.99,2.63,5.9,3.27,0.0,,58.7,0.0,0.0,24.0,train
2026-05-11,VT 06,Vacuum Truck,Vacuum Truck,70.0,7.99,3.15,5.55,2.41,0.0,,70.0,0.0,0.0,66.4,train
2026-05-13,VT 06,Vacuum Truck,Vacuum Truck,103.5,8.6,4.92,8.6,3.67,0.0,,103.5,0.0,0.0,47.1,train
2026-05-14,VT 06,Vacuum Truck,Vacuum Truck,81.9,7.57,3.92,5.53,1.61,0.0,,81.9,0.0,0.0,28.9,train
2026-05-15,VT 06,Vacuum Truck,Vacuum Truck,71.7,7.88,3.3,7.44,4.14,0.0,,71.7,0.0,48.1,24.6,train
2026-05-16,VT 06,Vacuum Truck,Vacuum Truck,76.4,7.11,3.72,7.11,3.4,0.0,,76.4,265.6,55.5,32.6,train
2026-05-17,VT 06,Vacuum Truck,Vacuum Truck,73.7,11.2,3.36,7.53,4.17,0.0,,73.7,0.0,0.0,56.5,train
2026-05-18,VT 06,Vacuum Truck,Vacuum Truck,67.8,7.87,2.59,5.38,2.79,0.0,,67.8,0.0,0.0,60.7,train
2026-05-19,VT 06,Vacuum Truck,Vacuum Truck,68.2,7.15,2.78,6.82,4.04,0.0,,68.2,213.7,75.6,25.8,train
2026-05-20,VT 06,Vacuum Truck,Vacuum Truck,67.9,7.62,2.26,7.04,4.77,0.0,,67.9,0.0,0.0,50.0,train
2026-05-21,VT 06,Vacuum Truck,Vacuum Truck,68.6,7.25,2.99,6.38,3.39,0.0,,68.6,0.0,0.0,54.1,train
2026-05-22,VT 06,Vacuum Truck,Vacuum Truck,68.0,7.47,2.76,6.24,3.48,0.0,,68.0,0.0,33.2,31.2,train
2026-05-23,VT 06,Vacuum Truck,Vacuum Truck,72.6,7.95,3.28,6.48,3.19,0.0,,72.6,234.0,32.5,23.7,train
2026-05-24,VT 06,Vacuum Truck,Vacuum Truck,69.1,7.72,2.78,5.98,3.2,0.0,,69.1,0.0,0.0,51.9,train
2026-05-25,VT 06,Vacuum Truck,Vacuum Truck,67.7,7.16,2.87,5.35,2.48,0.0,,67.7,0.0,0.0,29.1,train
2026-05-26,VT 06,Vacuum Truck,Vacuum Truck,67.2,6.1,3.12,5.23,2.12,0.0,,67.2,0.0,0.0,29.3,train
2026-05-27,VT 06,Vacuum Truck,Vacuum Truck,74.1,5.66,3.39,5.66,2.27,0.0,,74.1,0.0,0.0,24.5,train
2026-05-28,VT 06,Vacuum Truck,Vacuum Truck,68.0,7.21,3.03,6.52,3.49,0.0,,68.0,265.6,105.7,19.0,train
2026-05-29,VT 06,Vacuum Truck,Vacuum Truck,79.0,7.64,4.16,7.64,3.47,0.0,,79.0,0.0,0.0,40.2,train
2026-05-30,VT 06,Vacuum Truck,Vacuum Truck,71.7,6.81,3.23,6.81,3.58,0.0,,71.7,0.0,0.0,53.2,train
2026-05-31,VT 06,Vacuum Truck,Vacuum Truck,76.7,6.77,3.69,6.77,3.08,0.0,,76.7,0.0,0.0,36.9,train
2026-06-01,VT 06,Vacuum Truck,Vacuum Truck,72.1,6.73,3.39,6.73,3.34,0.0,,72.1,0.0,31.9,55.5,train
2026-06-04,VT 06,Vacuum Truck,Vacuum Truck,83.7,9.36,7.12,9.36,2.24,0.0,,83.7,0.0,0.0,44.3,train
2026-06-05,VT 06,Vacuum Truck,Vacuum Truck,71.5,11.86,3.99,9.15,5.16,0.0,,71.5,0.0,96.3,32.5,train
2026-06-08,VT 06,Vacuum Truck,Vacuum Truck,69.8,7.67,3.59,7.67,4.08,0.0,,69.8,0.0,0.0,66.6,train
2026-06-09,VT 06,Vacuum Truck,Vacuum Truck,63.8,7.09,2.69,5.57,2.88,0.0,,63.8,0.0,77.5,28.0,train
2026-06-14,VT 06,Vacuum Truck,Vacuum Truck,17.5,6.52,2.59,6.52,3.93,0.0,,16.0,0.0,95.2,31.0,train
2026-06-15,VT 06,Vacuum Truck,Vacuum Truck,3.2,5.37,0.79,5.37,4.58,0.0,,3.2,55.2,0.0,18.1,train
2026-06-16,VT 06,Vacuum Truck,Vacuum Truck,9.1,6.29,1.66,5.6,3.94,0.0,,9.1,77.8,0.0,17.0,train
2026-06-19,VT 06,Vacuum Truck,Vacuum Truck,94.1,0.02,4.09,9.24,5.15,0.0,,92.5,0.0,0.0,73.4,train
2026-06-20,VT 06,Vacuum Truck,Vacuum Truck,85.7,0.18,3.35,8.19,4.84,0.0,,89.2,0.0,0.0,50.3,train
2026-06-22,VT 06,Vacuum Truck,Vacuum Truck,94.1,0.18,4.3,8.56,4.26,0.0,,65.8,0.0,0.0,30.8,train
2026-06-23,VT 06,Vacuum Truck,Vacuum Truck,98.2,23.91,4.36,7.34,2.98,0.0,,94.5,0.0,0.0,71.2,train
2026-06-25,VT 06,Vacuum Truck,Vacuum Truck,94.1,23.92,4.15,8.24,4.09,0.0,,78.6,0.0,0.0,37.4,train
2026-06-26,VT 06,Vacuum Truck,Vacuum Truck,87.9,23.39,3.82,6.73,2.91,0.0,,87.9,0.0,39.8,32.6,train
2026-06-27,VT 06,Vacuum Truck,Vacuum Truck,105.6,23.76,5.05,8.54,3.49,0.0,,105.6,0.0,0.0,51.8,train
2026-06-28,VT 06,Vacuum Truck,Vacuum Truck,103.2,0.04,4.94,8.36,3.42,0.0,,103.2,267.3,89.1,63.2,train
2026-06-29,VT 06,Vacuum Truck,Vacuum Truck,98.7,12.69,7.13,10.27,3.14,0.0,,98.8,0.0,0.0,46.8,train
2026-06-30,VT 06,Vacuum Truck,Vacuum Truck,68.9,9.66,5.22,7.34,2.12,0.0,,68.9,0.0,40.9,28.6,train
2026-07-01,VT 06,Vacuum Truck,Vacuum Truck,71.8,10.49,5.45,8.67,3.22,0.0,,71.8,258.9,90.0,44.3,train
2026-07-02,VT 06,Vacuum Truck,Vacuum Truck,75.8,7.55,5.15,7.55,2.39,0.0,,75.8,0.0,0.0,40.3,train
2026-07-03,VT 06,Vacuum Truck,Vacuum Truck,69.9,8.83,4.81,8.83,4.03,0.0,,69.9,0.0,0.0,34.7,train
2026-07-04,VT 06,Vacuum Truck,Vacuum Truck,97.1,8.83,7.1,8.81,1.71,0.0,,97.1,0.0,78.4,39.5,train
2026-07-06,VT 06,Vacuum Truck,Vacuum Truck,107.5,8.74,5.09,8.74,3.65,0.0,,85.0,0.0,0.0,44.4,train
2026-07-07,VT 06,Vacuum Truck,Vacuum Truck,106.9,8.51,4.98,8.51,3.52,0.0,,106.9,0.0,91.9,44.8,train
2026-07-10,VT 06,Vacuum Truck,Vacuum Truck,102.8,8.45,4.74,8.45,3.71,0.0,,102.8,0.0,0.0,44.4,train
2026-07-11,VT 06,Vacuum Truck,Vacuum Truck,102.9,8.31,4.74,8.31,3.57,0.0,,102.9,0.0,99.6,42.3,train
2026-07-12,VT 06,Vacuum Truck,Vacuum Truck,103.4,9.95,4.96,8.2,3.24,0.0,,103.4,259.4,51.1,21.4,train
2026-07-13,VT 06,Vacuum Truck,Vacuum Truck,103.9,8.25,4.64,8.25,3.61,0.0,,103.9,0.0,0.0,45.5,train
2026-07-14,VT 06,Vacuum Truck,Vacuum Truck,103.8,9.25,4.71,9.25,4.54,0.0,,103.8,0.0,140.3,46.3,train
2026-07-15,VT 06,Vacuum Truck,Vacuum Truck,99.8,7.89,4.15,7.85,3.7,0.0,,99.8,248.1,0.0,19.9,train
2026-07-16,VT 06,Vacuum Truck,Vacuum Truck,102.5,8.3,4.64,8.3,3.66,0.0,,102.7,0.0,0.0,43.3,train
2026-07-17,VT 06,Vacuum Truck,Vacuum Truck,103.2,8.68,4.41,7.95,3.54,0.0,,103.2,0.0,0.0,48.2,train
2026-07-18,VT 06,Vacuum Truck,Vacuum Truck,103.1,9.56,4.87,9.47,4.6,0.0,,103.1,0.0,74.3,49.1,train
2026-07-19,VT 06,Vacuum Truck,Vacuum Truck,87.0,9.88,3.78,8.81,5.04,0.0,,87.0,271.3,35.5,31.1,train
2026-07-20,VT 06,Vacuum Truck,Vacuum Truck,94.2,7.22,4.23,7.22,2.98,0.0,,94.2,0.0,0.0,45.1,train
2026-07-21,VT 06,Vacuum Truck,Vacuum Truck,85.8,10.53,3.92,6.55,2.63,0.0,,85.8,0.0,124.4,31.1,train
2026-07-24,VT 06,Vacuum Truck,Vacuum Truck,89.8,7.42,3.95,7.42,3.47,0.0,,89.8,0.0,35.0,25.3,test
2026-07-25,VT 06,Vacuum Truck,Vacuum Truck,89.9,7.45,3.95,7.45,3.5,0.0,,89.9,0.0,102.2,32.0,test
2026-07-28,VT 06,Vacuum Truck,Vacuum Truck,93.3,8.27,4.57,8.27,3.7,0.0,,93.3,0.0,54.7,52.7,test
2026-07-29,VT 06,Vacuum Truck,Vacuum Truck,84.2,7.55,4.49,7.55,3.05,0.0,,84.2,231.9,67.3,26.3,test
2026-07-30,VT 06,Vacuum Truck,Vacuum Truck,77.3,9.97,3.89,8.3,4.41,0.0,,77.3,0.0,0.0,74.1,test
2026-07-31,VT 06,Vacuum Truck,Vacuum Truck,83.9,8.12,4.23,7.33,3.1,0.0,,83.9,0.0,0.0,41.2,test
2026-08-01,VT 06,Vacuum Truck,Vacuum Truck,90.3,8.77,4.9,8.77,3.87,0.0,,90.3,0.0,0.0,86.2,test
2026-08-03,VT 06,Vacuum Truck,Vacuum Truck,90.1,8.77,4.9,8.77,3.87,0.0,,67.7,0.0,0.0,81.7,test
2026-08-04,VT 06,Vacuum Truck,Vacuum Truck,90.1,8.79,4.88,8.79,3.92,0.0,,90.1,0.0,48.7,52.7,test
2026-08-05,VT 06,Vacuum Truck,Vacuum Truck,99.9,9.61,5.88,9.61,3.73,0.0,,99.9,230.1,54.0,48.4,test
2026-08-06,VT 06,Vacuum Truck,Vacuum Truck,92.1,8.18,5.1,8.18,3.08,0.0,,92.1,0.0,0.0,51.9,test
2026-08-07,VT 06,Vacuum Truck,Vacuum Truck,103.6,9.58,6.04,9.58,3.54,0.0,,103.6,0.0,0.0,49.8,test
2026-08-08,VT 06,Vacuum Truck,Vacuum Truck,99.0,9.79,5.91,9.79,3.88,0.0,,99.0,0.0,34.3,41.4,test
2026-08-09,VT 06,Vacuum Truck,Vacuum Truck,86.5,11.64,4.88,8.94,4.06,0.0,,86.5,250.5,33.0,33.7,test
2026-08-10,VT 06,Vacuum Truck,Vacuum Truck,86.4,8.5,4.65,8.5,3.85,0.0,,86.4,0.0,39.0,44.7,test
2026-08-11,VT 06,Vacuum Truck,Vacuum Truck,85.8,8.34,4.29,8.34,4.05,0.0,,85.8,0.0,96.2,43.8,test
2026-08-12,VT 06,Vacuum Truck,Vacuum Truck,83.2,8.43,4.33,8.43,4.1,0.0,,83.2,258.9,0.0,33.2,test
2026-08-13,VT 06,Vacuum Truck,Vacuum Truck,85.4,8.32,4.26,8.32,4.06,0.0,,85.4,0.0,0.0,42.1,test
2026-08-14,VT 06,Vacuum Truck,Vacuum Truck,89.8,8.67,4.77,8.67,3.91,0.0,,89.8,0.0,0.0,54.5,test
2026-08-15,VT 06,Vacuum Truck,Vacuum Truck,84.7,7.17,4.27,7.17,2.9,0.0,,84.7,0.0,98.6,43.5,test
2026-08-17,VT 06,Vacuum Truck,Vacuum Truck,89.8,8.0,4.77,8.0,3.23,0.0,,89.8,0.0,0.0,43.4,test
2026-08-21,VT 06,Vacuum Truck,Vacuum Truck,83.2,8.24,4.56,7.56,2.99,0.0,,83.2,0.0,0.0,85.9,test
2026-04-08,VT 07,Vacuum Truck,Vacuum Truck,0.0,1.36,0.42,1.36,0.93,0.0,,0.0,0.0,0.0,1.9,train
2026-04-13,VT 07,Vacuum Truck,Vacuum Truck,2.1,11.46,1.5,4.57,3.07,0.0,,2.1,0.0,0.0,7.7,train
2026-04-18,VT 07,Vacuum Truck,Vacuum Truck,3.6,6.34,0.8,6.34,5.55,0.0,,3.6,0.0,0.0,12.8,train
2026-04-19,VT 07,Vacuum Truck,Vacuum Truck,0.0,1.2,0.42,1.2,0.78,0.0,,0.0,0.0,0.0,2.5,train
2026-04-20,VT 07,Vacuum Truck,Vacuum Truck,17.3,5.38,1.77,4.55,2.78,0.0,,17.3,0.0,0.0,15.7,train
2026-04-21,VT 07,Vacuum Truck,Vacuum Truck,0.0,1.67,0.52,1.67,1.15,0.0,,0.0,0.0,0.0,3.0,train
2026-04-24,VT 07,Vacuum Truck,Vacuum Truck,0.2,7.69,0.9,2.23,1.34,0.0,,0.2,0.0,0.0,3.6,train
2026-04-25,VT 07,Vacuum Truck,Vacuum Truck,7.0,6.29,1.04,3.14,2.1,0.0,,7.0,0.0,0.0,8.4,train
2026-04-26,VT 07,Vacuum Truck,Vacuum Truck,0.0,0.52,0.52,0.52,0.0,0.0,,0.0,0.0,0.0,1.2,train
2026-04-27,VT 07,Vacuum Truck,Vacuum Truck,23.1,10.19,3.57,7.48,3.91,0.0,,23.1,0.0,0.0,24.9,train
2026-04-28,VT 07,Vacuum Truck,Vacuum Truck,3.2,11.8,1.25,6.66,5.41,0.0,,3.2,0.0,0.0,11.7,train
2026-04-30,VT 07,Vacuum Truck,Vacuum Truck,0.0,7.41,0.69,5.6,4.91,0.0,,0.0,0.0,0.0,8.7,train
2026-05-01,VT 07,Vacuum Truck,Vacuum Truck,0.9,6.93,0.7,6.93,6.23,0.0,,0.9,0.0,0.0,10.3,train
2026-05-03,VT 07,Vacuum Truck,Vacuum Truck,0.0,5.78,0.4,5.78,5.38,0.0,,0.0,0.0,0.0,6.6,train
2026-05-04,VT 07,Vacuum Truck,Vacuum Truck,0.0,0.55,0.44,0.55,0.1,0.0,,0.0,0.0,0.0,0.5,train
2026-05-05,VT 07,Vacuum Truck,Vacuum Truck,0.4,2.6,0.86,2.51,1.65,0.0,,0.4,0.0,0.0,1.4,train
2026-05-06,VT 07,Vacuum Truck,Vacuum Truck,0.4,3.87,0.75,2.89,2.14,0.0,,0.4,0.0,0.0,3.3,train
2026-05-07,VT 07,Vacuum Truck,Vacuum Truck,0.0,4.67,0.75,1.16,0.41,0.0,,0.0,0.0,0.0,0.8,train
2026-05-08,VT 07,Vacuum Truck,Vacuum Truck,0.0,5.33,0.7,1.84,1.14,0.0,,0.0,0.0,0.0,3.4,train
2026-05-09,VT 07,Vacuum Truck,Vacuum Truck,0.0,1.27,0.44,1.27,0.84,0.0,,0.0,0.0,0.0,1.5,train
2026-05-10,VT 07,Vacuum Truck,Vacuum Truck,0.0,1.41,0.63,1.41,0.78,0.0,,0.0,0.0,0.0,1.5,train
2026-05-12,VT 07,Vacuum Truck,Vacuum Truck,0.0,1.57,0.27,1.57,1.29,0.0,,0.0,0.0,0.0,2.6,train
2026-05-13,VT 07,Vacuum Truck,Vacuum Truck,9.2,1.57,1.31,1.57,0.27,0.0,,9.2,0.0,0.0,6.1,train
2026-05-14,VT 07,Vacuum Truck,Vacuum Truck,0.0,5.33,0.27,3.09,2.82,0.0,,0.0,0.0,0.0,5.2,train
2026-05-15,VT 07,Vacuum Truck,Vacuum Truck,2.7,4.57,0.79,2.6,1.81,0.0,,2.7,0.0,0.0,5.1,train
2026-05-16,VT 07,Vacuum Truck,Vacuum Truck,4.1,6.02,1.18,3.52,2.34,0.0,,4.1,0.0,0.0,7.3,train
2026-05-17,VT 07,Vacuum Truck,Vacuum Truck,0.0,5.31,0.68,2.38,1.7,0.0,,0.0,0.0,0.0,3.4,train
2026-05-18,VT 07,Vacuum Truck,Vacuum Truck,11.3,5.22,1.66,3.42,1.76,0.0,,11.3,0.0,0.0,11.7,train
2026-05-20,VT 07,Vacuum Truck,Vacuum Truck,0.1,0.3,0.05,0.3,0.25,0.0,,0.1,0.0,0.0,1.2,train
2026-05-23,VT 07,Vacuum Truck,Vacuum Truck,0.2,1.99,0.28,1.38,1.1,0.0,,0.2,0.0,0.0,3.0,train
2026-05-25,VT 07,Vacuum Truck,Vacuum Truck,0.0,6.84,0.57,6.84,6.27,0.0,,0.0,0.0,0.0,9.4,train
2026-05-26,VT 07,Vacuum Truck,Vacuum Truck,3.8,7.12,1.2,5.46,4.26,0.0,,3.8,34.8,0.0,12.7,train
2026-05-27,VT 07,Vacuum Truck,Vacuum Truck,0.0,4.56,0.38,4.56,4.18,0.0,,0.0,0.0,0.0,7.2,train
2026-05-28,VT 07,Vacuum Truck,Vacuum Truck,0.0,5.21,0.44,5.21,4.77,0.0,,0.0,0.0,0.0,6.4,train
2026-05-29,VT 07,Vacuum Truck,Vacuum Truck,0.0,4.59,0.45,4.59,4.14,0.0,,0.0,0.0,0.0,6.8,train
2026-05-30,VT 07,Vacuum Truck,Vacuum Truck,1.0,6.89,0.83,6.56,5.74,0.0,,1.0,0.0,0.0,9.7,train
2026-05-31,VT 07,Vacuum Truck,Vacuum Truck,0.0,3.08,0.34,3.08,2.74,0.0,,0.0,0.0,0.0,4.8,train
2026-06-01,VT 07,Vacuum Truck,Vacuum Truck,4.0,3.3,1.18,2.76,1.58,0.0,,4.0,0.0,0.0,4.2,train
2026-06-02,VT 07,Vacuum Truck,Vacuum Truck,3.4,4.16,1.25,4.05,2.8,0.0,,3.4,0.0,0.0,6.7,train
2026-06-03,VT 07,Vacuum Truck,Vacuum Truck,0.0,4.9,0.77,1.15,0.38,0.0,,0.0,0.0,0.0,3.5,train
2026-06-04,VT 07,Vacuum Truck,Vacuum Truck,4.0,14.91,14.85,14.91,0.06,0.0,,4.0,31.9,0.0,36.7,train
2026-06-05,VT 07,Vacuum Truck,Vacuum Truck,8.0,3.2,1.12,3.2,2.08,0.0,,8.0,0.0,0.0,6.6,train
2026-06-06,VT 07,Vacuum Truck,Vacuum Truck,24.9,5.89,1.98,3.33,1.35,0.0,,24.9,0.0,0.0,13.2,train
2026-06-07,VT 07,Vacuum Truck,Vacuum Truck,5.0,4.48,1.0,4.48,3.49,0.0,,5.0,0.0,0.0,8.2,train
2026-06-08,VT 07,Vacuum Truck,Vacuum Truck,14.4,2.17,1.84,2.17,0.33,0.0,,14.4,33.6,0.0,5.0,train
2026-06-09,VT 07,Vacuum Truck,Vacuum Truck,10.7,5.23,1.59,4.35,2.76,0.0,,10.7,0.0,0.0,9.9,train
2026-06-10,VT 07,Vacuum Truck,Vacuum Truck,2.5,4.05,0.92,1.03,0.11,0.0,,2.5,0.0,0.0,2.5,train
2026-06-11,VT 07,Vacuum Truck,Vacuum Truck,0.1,0.59,0.59,0.59,0.0,0.0,,0.1,0.0,0.0,0.9,train
2026-06-12,VT 07,Vacuum Truck,Vacuum Truck,7.0,6.46,1.33,5.64,4.31,0.0,,7.0,0.0,0.0,10.6,train
2026-06-13,VT 07,Vacuum Truck,Vacuum Truck,17.3,2.68,1.83,2.68,0.85,0.0,,17.3,0.0,0.0,9.8,train
2026-06-14,VT 07,Vacuum Truck,Vacuum Truck,16.8,5.2,2.1,3.67,1.57,0.0,,16.8,0.0,0.0,12.6,train
2026-06-15,VT 07,Vacuum Truck,Vacuum Truck,61.4,6.75,4.04,5.2,1.17,0.0,,61.4,174.9,0.0,26.7,train
2026-06-17,VT 07,Vacuum Truck,Vacuum Truck,81.0,8.71,4.55,8.69,4.14,0.0,,81.0,0.0,0.0,51.7,train
2026-06-19,VT 07,Vacuum Truck,Vacuum Truck,76.9,8.38,3.99,8.38,4.39,0.0,,76.9,0.0,0.0,51.9,train
2026-06-21,VT 07,Vacuum Truck,Vacuum Truck,80.9,11.43,4.12,8.52,4.4,0.0,,80.9,0.0,45.8,56.0,train
2026-06-22,VT 07,Vacuum Truck,Vacuum Truck,35.9,13.05,2.65,5.11,2.46,0.0,,33.6,190.7,0.0,31.0,train
2026-06-23,VT 07,Vacuum Truck,Vacuum Truck,98.8,0.01,4.29,8.34,4.05,0.0,,100.3,0.0,0.0,54.6,train
2026-06-24,VT 07,Vacuum Truck,Vacuum Truck,99.4,23.97,5.19,9.32,4.14,0.0,,98.1,192.5,44.0,64.6,train
2026-06-25,VT 07,Vacuum Truck,Vacuum Truck,103.2,23.88,4.68,8.28,3.59,0.0,,103.8,0.0,80.5,53.8,train
2026-06-27,VT 07,Vacuum Truck,Vacuum Truck,61.7,10.59,3.4,5.33,1.93,0.0,,61.2,0.0,0.0,27.7,train
2026-06-29,VT 07,Vacuum Truck,Vacuum Truck,133.4,17.56,6.34,11.45,5.11,0.0,,133.4,0.0,71.4,72.3,train
2026-06-30,VT 07,Vacuum Truck,Vacuum Truck,87.9,10.24,4.79,10.24,5.45,0.0,,87.9,145.3,0.0,59.0,train
2026-07-01,VT 07,Vacuum Truck,Vacuum Truck,89.9,9.0,4.49,9.0,4.51,0.0,,89.9,0.0,0.0,46.3,train
2026-07-02,VT 07,Vacuum Truck,Vacuum Truck,82.6,8.4,4.37,8.4,4.03,0.0,,82.6,143.2,0.0,44.5,train
2026-07-04,VT 07,Vacuum Truck,Vacuum Truck,83.0,8.0,4.17,8.0,3.83,0.0,,83.0,155.4,0.0,47.5,train
2026-07-05,VT 07,Vacuum Truck,Vacuum Truck,87.8,11.06,4.99,8.69,3.7,0.0,,87.8,0.0,0.0,63.4,train
2026-07-06,VT 07,Vacuum Truck,Vacuum Truck,82.3,8.06,3.95,8.06,4.11,0.0,,82.3,167.8,0.0,48.0,train
2026-07-07,VT 07,Vacuum Truck,Vacuum Truck,82.0,10.03,4.59,8.36,3.76,0.0,,82.0,0.0,40.0,40.3,train
2026-07-08,VT 07,Vacuum Truck,Vacuum Truck,86.9,8.69,4.61,8.69,4.08,0.0,,86.9,172.6,0.0,50.7,train
2026-07-09,VT 07,Vacuum Truck,Vacuum Truck,76.9,11.02,4.11,8.23,4.12,0.0,,76.9,0.0,0.0,43.9,train
2026-07-10,VT 07,Vacuum Truck,Vacuum Truck,79.8,8.39,4.24,8.39,4.15,0.0,,79.8,171.5,0.0,54.0,train
2026-07-11,VT 07,Vacuum Truck,Vacuum Truck,77.9,8.28,3.93,8.05,4.11,0.0,,77.9,0.0,46.3,46.6,train
2026-07-12,VT 07,Vacuum Truck,Vacuum Truck,83.4,8.32,4.38,8.32,3.94,0.0,,83.8,169.4,0.0,55.0,train
2026-07-13,VT 07,Vacuum Truck,Vacuum Truck,76.7,8.33,3.84,7.53,3.69,0.0,,76.7,0.0,0.0,48.0,train
2026-07-14,VT 07,Vacuum Truck,Vacuum Truck,79.6,8.03,4.09,7.93,3.84,0.0,,79.6,161.3,77.4,47.4,train
2026-07-15,VT 07,Vacuum Truck,Vacuum Truck,76.7,10.86,3.97,8.12,4.15,0.0,,76.7,0.0,0.0,47.3,train
2026-07-16,VT 07,Vacuum Truck,Vacuum Truck,78.5,10.29,4.21,8.36,4.14,0.0,,78.5,158.5,0.0,47.0,train
2026-07-17,VT 07,Vacuum Truck,Vacuum Truck,77.0,8.72,4.11,7.87,3.76,0.0,,77.0,0.0,0.0,42.0,train
2026-07-18,VT 07,Vacuum Truck,Vacuum Truck,78.5,8.63,4.33,8.62,4.3,0.0,,78.5,148.4,0.0,41.7,train
2026-07-19,VT 07,Vacuum Truck,Vacuum Truck,74.1,12.09,4.02,9.48,5.46,0.0,,74.1,0.0,46.3,46.1,train
2026-07-20,VT 07,Vacuum Truck,Vacuum Truck,30.4,5.85,2.01,5.85,3.84,0.0,,30.4,158.3,0.0,13.6,train
2026-07-21,VT 07,Vacuum Truck,Vacuum Truck,29.4,5.43,1.56,5.43,3.88,0.0,,29.4,0.0,0.0,20.4,train
2026-07-23,VT 07,Vacuum Truck,Vacuum Truck,42.2,6.46,2.68,6.46,3.78,0.0,,42.2,185.8,52.5,24.3,train
2026-07-24,VT 07,Vacuum Truck,Vacuum Truck,90.1,6.56,4.0,6.56,2.55,0.0,,90.1,0.0,0.0,51.8,test
2026-07-25,VT 07,Vacuum Truck,Vacuum Truck,31.4,6.65,1.85,6.65,4.81,0.0,,31.4,172.8,81.7,32.7,test
2026-07-26,VT 07,Vacuum Truck,Vacuum Truck,19.5,6.4,1.57,6.06,4.5,0.0,,19.5,0.0,55.5,21.0,test
2026-07-27,VT 07,Vacuum Truck,Vacuum Truck,72.1,6.27,3.58,6.27,2.68,0.0,,72.1,0.0,0.0,42.2,test
2026-07-29,VT 07,Vacuum Truck,Vacuum Truck,57.3,11.62,3.68,7.18,3.5,0.0,,57.3,0.0,0.0,38.9,test
2026-07-30,VT 07,Vacuum Truck,Vacuum Truck,52.6,6.06,2.77,6.06,3.3,0.0,,52.6,167.6,0.0,30.8,test
2026-08-01,VT 07,Vacuum Truck,Vacuum Truck,65.8,8.43,4.07,8.43,4.35,0.0,,65.8,164.6,0.0,35.4,test
2026-08-02,VT 07,Vacuum Truck,Vacuum Truck,64.1,6.65,3.77,6.65,2.88,0.0,,64.1,0.0,0.0,41.9,test
2026-08-05,VT 07,Vacuum Truck,Vacuum Truck,53.4,8.07,3.37,7.97,4.6,0.0,,53.4,145.8,40.0,45.3,test
2026-08-06,VT 07,Vacuum Truck,Vacuum Truck,51.1,9.39,3.14,9.39,6.25,0.0,,51.1,0.0,0.0,38.6,test
2026-08-08,VT 07,Vacuum Truck,Vacuum Truck,71.7,9.29,5.04,9.12,4.08,0.0,,71.7,0.0,45.4,43.9,test
2026-08-10,VT 07,Vacuum Truck,Vacuum Truck,61.8,8.06,4.03,7.97,3.94,0.0,,61.8,0.0,42.3,38.2,test
2026-08-13,VT 07,Vacuum Truck,Vacuum Truck,61.8,8.22,4.36,8.15,3.79,0.0,,61.8,167.3,44.0,39.9,test
2026-08-14,VT 07,Vacuum Truck,Vacuum Truck,65.9,7.84,4.29,7.78,3.5,0.0,,65.9,0.0,43.0,46.6,test
2026-08-15,VT 07,Vacuum Truck,Vacuum Truck,59.6,6.66,3.75,6.19,2.45,0.0,,59.6,161.8,43.8,29.9,test
2026-08-16,VT 07,Vacuum Truck,Vacuum Truck,61.9,8.03,3.87,7.01,3.14,0.0,,61.9,0.0,44.5,42.1,test
2026-08-17,VT 07,Vacuum Truck,Vacuum Truck,74.8,7.76,4.19,7.76,3.57,0.0,,74.8,164.4,85.6,43.5,test
2026-08-18,VT 07,Vacuum Truck,Vacuum Truck,86.3,7.2,4.3,7.2,2.91,0.0,,86.3,0.0,0.0,48.9,test
2026-08-19,VT 07,Vacuum Truck,Vacuum Truck,86.6,7.3,4.5,7.3,2.8,0.0,,86.6,173.2,0.0,49.2,test
2026-08-20,VT 07,Vacuum Truck,Vacuum Truck,84.8,9.29,4.59,7.98,3.39,0.0,,84.8,0.0,0.0,50.8,test
2026-08-21,VT 07,Vacuum Truck,Vacuum Truck,86.5,7.77,3.96,7.77,3.81,0.0,,86.5,172.7,81.0,57.1,test
2026-04-08,VT 08,Vacuum Truck,Vacuum Truck,111.4,11.32,5.76,11.32,5.56,0.0,,111.4,0.0,0.0,78.4,train
2026-04-09,VT 08,Vacuum Truck,Vacuum Truck,119.8,11.8,6.03,11.38,5.34,0.0,,119.8,0.0,0.0,54.1,train
2026-04-11,VT 08,Vacuum Truck,Vacuum Truck,85.5,7.99,3.78,6.01,2.22,0.0,,85.5,0.0,0.0,61.0,train
2026-04-12,VT 08,Vacuum Truck,Vacuum Truck,103.1,9.46,5.01,8.19,3.18,0.0,,103.1,0.0,0.0,58.4,train
2026-04-13,VT 08,Vacuum Truck,Vacuum Truck,45.0,6.34,3.18,6.34,3.17,0.0,,45.0,199.1,0.0,49.6,train
2026-04-14,VT 08,Vacuum Truck,Vacuum Truck,44.6,6.06,3.33,6.06,2.73,0.0,,44.6,0.0,0.0,47.1,train
2026-04-15,VT 08,Vacuum Truck,Vacuum Truck,40.7,11.72,3.03,11.72,8.69,0.0,,40.7,0.0,0.0,47.1,train
2026-04-16,VT 08,Vacuum Truck,Vacuum Truck,51.2,9.29,4.25,8.78,4.54,0.0,,51.2,0.0,0.0,45.4,train
2026-04-17,VT 08,Vacuum Truck,Vacuum Truck,61.3,9.87,4.58,9.87,5.28,0.0,,61.3,182.3,0.0,52.1,train
2026-04-18,VT 08,Vacuum Truck,Vacuum Truck,42.4,9.18,3.2,8.14,4.94,0.0,,42.4,0.0,0.0,37.1,train
2026-04-19,VT 08,Vacuum Truck,Vacuum Truck,79.8,8.63,3.47,6.81,3.35,0.0,,79.8,0.0,0.0,43.3,train
2026-04-20,VT 08,Vacuum Truck,Vacuum Truck,55.9,8.27,4.27,7.5,3.23,0.0,,55.9,0.0,0.0,44.2,train
2026-04-21,VT 08,Vacuum Truck,Vacuum Truck,49.1,7.35,3.71,5.73,2.02,0.0,,49.1,186.9,0.0,37.8,train
2026-04-22,VT 08,Vacuum Truck,Vacuum Truck,97.1,13.96,6.02,13.96,7.94,0.0,,97.1,0.0,0.0,44.3,train
2026-04-23,VT 08,Vacuum Truck,Vacuum Truck,58.3,8.4,4.58,7.25,2.67,0.0,,58.3,0.0,0.0,53.3,train
2026-04-24,VT 08,Vacuum Truck,Vacuum Truck,84.1,8.69,4.88,8.69,3.81,0.0,,84.1,0.0,0.0,56.4,train
2026-04-25,VT 08,Vacuum Truck,Vacuum Truck,55.5,10.11,4.64,7.44,2.8,0.0,,55.5,197.9,0.0,27.9,train
2026-04-26,VT 08,Vacuum Truck,Vacuum Truck,55.6,8.79,3.71,7.6,3.89,0.0,,55.6,0.0,0.0,52.0,train
2026-04-27,VT 08,Vacuum Truck,Vacuum Truck,47.7,6.87,2.85,4.07,1.23,0.0,,47.7,0.0,0.0,36.3,train
2026-04-28,VT 08,Vacuum Truck,Vacuum Truck,57.0,6.3,3.73,5.28,1.54,0.0,,57.0,0.0,0.0,40.7,train
2026-04-29,VT 08,Vacuum Truck,Vacuum Truck,73.2,10.36,4.03,8.33,4.3,0.0,,73.2,190.5,0.0,59.5,train
2026-04-30,VT 08,Vacuum Truck,Vacuum Truck,69.6,8.29,3.0,7.36,4.36,0.0,,69.6,0.0,0.0,50.1,train
2026-05-01,VT 08,Vacuum Truck,Vacuum Truck,82.8,10.66,4.21,10.66,6.45,0.0,,82.8,132.7,0.0,26.8,train
2026-05-02,VT 08,Vacuum Truck,Vacuum Truck,63.7,9.18,3.19,8.26,5.08,0.0,,63.7,0.0,0.0,62.1,train
2026-05-03,VT 08,Vacuum Truck,Vacuum Truck,67.0,9.76,3.66,9.43,5.77,0.0,,67.0,0.0,32.4,35.0,train
2026-05-04,VT 08,Vacuum Truck,Vacuum Truck,75.7,7.54,3.7,7.54,3.84,0.0,,75.7,0.0,0.0,62.0,train
2026-05-05,VT 08,Vacuum Truck,Vacuum Truck,49.1,8.37,3.76,5.44,1.68,0.0,,49.1,179.7,0.0,42.8,train
2026-05-06,VT 08,Vacuum Truck,Vacuum Truck,38.0,6.7,2.65,4.65,2.0,0.0,,38.0,0.0,0.0,32.1,train
2026-05-07,VT 08,Vacuum Truck,Vacuum Truck,58.7,10.51,4.68,8.02,3.33,0.0,,58.7,0.0,0.0,29.6,train
2026-05-08,VT 08,Vacuum Truck,Vacuum Truck,44.2,6.61,2.15,4.83,2.68,0.0,,44.2,0.0,0.0,43.0,train
2026-05-09,VT 08,Vacuum Truck,Vacuum Truck,51.1,9.3,3.84,8.41,4.57,0.0,,51.1,181.5,0.0,54.0,train
2026-05-10,VT 08,Vacuum Truck,Vacuum Truck,44.8,9.26,3.43,6.36,2.93,0.0,,44.8,0.0,0.0,45.6,train
2026-05-11,VT 08,Vacuum Truck,Vacuum Truck,46.1,9.35,3.5,9.35,5.85,0.0,,46.1,0.0,0.0,42.3,train
2026-05-12,VT 08,Vacuum Truck,Vacuum Truck,40.4,8.44,3.11,8.44,5.33,0.0,,40.4,0.0,0.0,43.6,train
2026-05-13,VT 08,Vacuum Truck,Vacuum Truck,74.8,10.67,4.98,10.67,5.7,0.0,,74.8,175.3,0.0,64.5,train
2026-05-14,VT 08,Vacuum Truck,Vacuum Truck,85.6,9.03,4.78,9.03,4.26,0.0,,85.6,0.0,0.0,55.3,train
2026-05-15,VT 08,Vacuum Truck,Vacuum Truck,68.1,7.79,2.9,7.76,4.86,0.0,,68.1,0.0,0.0,45.2,train
2026-05-16,VT 08,Vacuum Truck,Vacuum Truck,69.5,7.46,3.09,6.67,3.57,0.0,,69.5,0.0,0.0,48.3,train
2026-05-17,VT 08,Vacuum Truck,Vacuum Truck,68.5,11.03,3.15,8.91,5.76,0.0,,68.5,181.5,0.0,51.0,train
2026-05-18,VT 08,Vacuum Truck,Vacuum Truck,68.7,7.89,3.0,7.89,4.9,0.0,,68.7,0.0,0.0,50.7,train
2026-05-19,VT 08,Vacuum Truck,Vacuum Truck,68.1,7.01,2.88,6.77,3.89,0.0,,68.1,0.0,0.0,47.2,train
2026-05-20,VT 08,Vacuum Truck,Vacuum Truck,69.2,7.84,2.42,7.21,4.79,0.0,,69.2,0.0,0.0,44.7,train
2026-05-21,VT 08,Vacuum Truck,Vacuum Truck,68.5,8.11,3.15,6.47,3.32,0.0,,68.5,191.9,0.0,49.2,train
2026-05-22,VT 08,Vacuum Truck,Vacuum Truck,70.8,7.57,3.36,4.9,1.55,0.0,,70.8,0.0,0.0,49.7,train
2026-05-23,VT 08,Vacuum Truck,Vacuum Truck,47.9,8.21,3.1,5.5,2.39,0.0,,47.9,0.0,0.0,48.6,train
2026-05-24,VT 08,Vacuum Truck,Vacuum Truck,68.1,7.78,2.87,4.88,2.02,0.0,,68.1,0.0,0.0,46.4,train
2026-05-25,VT 08,Vacuum Truck,Vacuum Truck,71.1,7.37,3.31,5.34,2.03,0.0,,71.1,193.4,0.0,50.8,train
2026-05-26,VT 08,Vacuum Truck,Vacuum Truck,79.1,8.16,4.01,6.21,2.2,0.0,,79.1,0.0,0.0,45.3,train
2026-05-27,VT 08,Vacuum Truck,Vacuum Truck,70.7,5.26,2.96,5.26,2.3,0.0,,70.7,0.0,0.0,23.8,train
2026-05-28,VT 08,Vacuum Truck,Vacuum Truck,71.1,7.25,3.42,5.5,2.08,0.0,,71.1,0.0,0.0,62.9,train
2026-05-29,VT 08,Vacuum Truck,Vacuum Truck,79.0,7.76,4.21,7.67,3.47,0.0,,79.0,198.8,0.0,64.3,train
2026-05-30,VT 08,Vacuum Truck,Vacuum Truck,53.3,7.77,4.17,7.77,3.6,0.0,,53.3,0.0,0.0,35.5,train
2026-05-31,VT 08,Vacuum Truck,Vacuum Truck,44.6,5.38,3.1,4.51,1.41,0.0,,44.6,0.0,0.0,50.3,train
2026-06-01,VT 08,Vacuum Truck,Vacuum Truck,52.3,6.55,4.09,6.49,2.4,0.0,,52.3,0.0,0.0,56.3,train
2026-06-02,VT 08,Vacuum Truck,Vacuum Truck,60.5,6.78,4.06,6.72,2.65,0.0,,60.5,195.4,0.0,40.1,train
2026-06-03,VT 08,Vacuum Truck,Vacuum Truck,46.4,6.69,2.58,4.78,2.2,0.0,,46.4,0.0,0.0,21.5,train
2026-06-04,VT 08,Vacuum Truck,Vacuum Truck,83.9,9.42,7.22,9.42,2.2,0.0,,84.0,0.0,34.5,43.6,train
2026-06-05,VT 08,Vacuum Truck,Vacuum Truck,72.2,11.29,4.27,9.78,5.51,0.0,,59.2,154.9,0.0,37.7,train
2026-06-07,VT 08,Vacuum Truck,Vacuum Truck,70.1,10.21,3.56,6.74,3.18,0.0,,70.1,0.0,0.0,53.1,train
2026-06-08,VT 08,Vacuum Truck,Vacuum Truck,70.4,7.3,3.19,7.3,4.11,0.0,,70.4,0.0,0.0,67.8,train
2026-06-09,VT 08,Vacuum Truck,Vacuum Truck,64.0,6.82,2.9,5.31,2.41,0.0,,64.0,0.0,33.8,45.1,train
2026-06-10,VT 08,Vacuum Truck,Vacuum Truck,68.7,6.42,3.08,6.42,3.34,0.0,,68.7,223.7,0.0,60.5,train
2026-06-11,VT 08,Vacuum Truck,Vacuum Truck,72.6,6.98,3.09,6.98,3.89,0.0,,72.6,0.0,38.8,34.0,train
2026-06-12,VT 08,Vacuum Truck,Vacuum Truck,72.7,7.44,3.27,5.5,2.23,0.0,,72.7,0.0,0.0,54.2,train
2026-06-13,VT 08,Vacuum Truck,Vacuum Truck,68.3,7.66,3.21,7.37,4.16,0.0,,68.3,0.0,0.0,55.9,train
2026-06-14,VT 08,Vacuum Truck,Vacuum Truck,127.8,11.38,5.45,11.38,5.93,0.0,,127.8,216.4,0.0,77.9,train
2026-06-15,VT 08,Vacuum Truck,Vacuum Truck,120.5,22.76,14.8,19.99,5.18,0.0,,115.5,0.0,0.0,67.8,train
2026-06-16,VT 08,Vacuum Truck,Vacuum Truck,115.4,10.78,5.59,10.63,5.04,0.0,,115.4,0.0,0.0,85.9,train
2026-06-17,VT 08,Vacuum Truck,Vacuum Truck,107.4,10.8,5.3,10.6,5.3,0.0,,107.4,236.4,0.0,91.0,train
2026-06-18,VT 08,Vacuum Truck,Vacuum Truck,104.2,10.46,4.91,9.13,4.22,0.0,,104.2,0.0,0.0,66.2,train
2026-06-19,VT 08,Vacuum Truck,Vacuum Truck,106.9,9.47,4.99,9.05,4.07,0.0,,106.9,0.0,0.0,93.4,train
2026-06-20,VT 08,Vacuum Truck,Vacuum Truck,107.3,9.68,5.24,9.68,4.44,0.0,,107.3,248.1,0.0,63.5,train
2026-06-21,VT 08,Vacuum Truck,Vacuum Truck,107.1,9.19,4.74,9.19,4.45,0.0,,107.1,0.0,0.0,71.3,train
2026-06-22,VT 08,Vacuum Truck,Vacuum Truck,107.0,9.18,4.58,8.99,4.41,0.0,,107.0,0.0,0.0,96.8,train
2026-06-23,VT 08,Vacuum Truck,Vacuum Truck,107.8,10.37,5.08,10.37,5.29,0.0,,107.8,228.1,0.0,83.3,train
2026-06-24,VT 08,Vacuum Truck,Vacuum Truck,107.0,8.7,4.85,8.7,3.85,0.0,,107.0,0.0,0.0,57.8,train
2026-06-25,VT 08,Vacuum Truck,Vacuum Truck,107.5,9.34,4.99,9.3,4.31,0.0,,107.5,0.0,0.0,64.5,train
2026-06-26,VT 08,Vacuum Truck,Vacuum Truck,107.6,9.34,5.11,9.34,4.23,0.0,,107.6,206.9,0.0,61.1,train
2026-06-27,VT 08,Vacuum Truck,Vacuum Truck,107.2,8.82,4.98,8.82,3.85,0.0,,107.2,0.0,0.0,53.0,train
2026-06-28,VT 08,Vacuum Truck,Vacuum Truck,107.1,9.09,4.85,9.09,4.24,0.0,,107.1,0.0,0.0,69.0,train
2026-06-29,VT 08,Vacuum Truck,Vacuum Truck,107.6,9.49,5.07,9.49,4.43,0.0,,107.6,184.1,0.0,56.5,train
2026-06-30,VT 08,Vacuum Truck,Vacuum Truck,107.1,9.97,5.1,9.97,4.87,0.0,,107.1,0.0,0.0,48.0,train
2026-07-01,VT 08,Vacuum Truck,Vacuum Truck,111.4,9.89,5.05,9.89,4.84,0.0,,111.4,0.0,0.0,55.0,train
2026-07-02,VT 08,Vacuum Truck,Vacuum Truck,109.3,9.82,5.24,9.16,3.92,0.0,,109.3,180.0,0.0,54.2,train
2026-07-03,VT 08,Vacuum Truck,Vacuum Truck,113.0,10.14,5.46,10.14,4.68,0.0,,113.0,0.0,0.0,54.1,train
2026-07-04,VT 08,Vacuum Truck,Vacuum Truck,107.4,8.83,4.8,8.66,3.85,0.0,,107.4,0.0,0.0,91.7,train
2026-07-05,VT 08,Vacuum Truck,Vacuum Truck,110.8,9.83,5.66,9.83,4.18,0.0,,110.8,203.7,0.0,61.0,train
2026-07-06,VT 08,Vacuum Truck,Vacuum Truck,107.4,9.11,4.95,9.11,4.16,0.0,,107.4,0.0,0.0,49.3,train
2026-07-07,VT 08,Vacuum Truck,Vacuum Truck,112.1,9.29,5.28,9.29,4.02,0.0,,112.1,0.0,0.0,52.9,train
2026-07-08,VT 08,Vacuum Truck,Vacuum Truck,113.3,9.58,5.49,9.58,4.09,0.0,,113.3,209.8,87.8,50.2,train
2026-07-09,VT 08,Vacuum Truck,Vacuum Truck,105.0,9.69,4.95,8.75,3.8,0.0,,105.0,0.0,0.0,52.5,train
2026-07-10,VT 08,Vacuum Truck,Vacuum Truck,103.0,8.44,4.8,8.44,3.64,0.0,,103.0,0.0,0.0,51.3,train
2026-07-11,VT 08,Vacuum Truck,Vacuum Truck,103.4,8.29,4.73,8.29,3.56,0.0,,103.4,211.9,32.4,43.8,train
2026-07-12,VT 08,Vacuum Truck,Vacuum Truck,103.4,10.22,4.69,8.15,3.46,0.0,,103.4,0.0,0.0,53.7,train
2026-07-13,VT 08,Vacuum Truck,Vacuum Truck,55.6,5.74,2.61,5.74,3.14,0.0,,55.6,0.0,0.0,26.0,train
2026-07-14,VT 08,Vacuum Truck,Vacuum Truck,94.8,23.11,5.14,8.22,3.08,0.0,,94.8,195.8,0.0,67.5,train
2026-07-15,VT 08,Vacuum Truck,Vacuum Truck,98.6,0.2,4.39,7.58,3.18,0.0,,98.6,0.0,0.0,61.6,train
2026-07-16,VT 08,Vacuum Truck,Vacuum Truck,89.9,23.72,4.2,6.77,2.58,0.0,,90.0,0.0,0.0,41.4,train
2026-07-17,VT 08,Vacuum Truck,Vacuum Truck,97.1,0.3,5.27,9.81,4.54,0.0,,97.0,195.4,40.0,41.4,train
2026-07-18,VT 08,Vacuum Truck,Vacuum Truck,90.0,0.0,3.93,6.31,2.38,0.0,,90.0,0.0,0.0,54.0,train
2026-07-19,VT 08,Vacuum Truck,Vacuum Truck,102.9,23.9,4.62,8.0,3.38,0.0,,98.6,0.0,0.0,66.1,train
2026-07-20,VT 08,Vacuum Truck,Vacuum Truck,90.9,23.96,4.75,8.61,3.86,0.0,,91.3,207.1,0.0,59.1,train
2026-07-21,VT 08,Vacuum Truck,Vacuum Truck,94.4,23.85,4.26,8.19,3.94,0.0,,97.7,0.0,0.0,42.6,train
2026-07-22,VT 08,Vacuum Truck,Vacuum Truck,98.5,0.03,4.29,8.23,3.94,0.0,,98.5,0.0,31.8,37.1,train
2026-07-23,VT 08,Vacuum Truck,Vacuum Truck,90.7,0.12,4.76,9.46,4.7,0.0,,90.7,172.5,0.0,35.5,test
2026-07-24,VT 08,Vacuum Truck,Vacuum Truck,91.9,0.01,3.86,7.88,4.03,0.0,,91.9,0.0,0.0,59.3,test
2026-07-25,VT 08,Vacuum Truck,Vacuum Truck,98.8,23.85,4.31,7.68,3.37,0.0,,98.8,0.0,0.0,73.1,test
2026-07-27,VT 08,Vacuum Truck,Vacuum Truck,98.6,0.05,4.36,7.78,3.41,0.0,,89.9,0.0,0.0,59.5,test
2026-07-28,VT 08,Vacuum Truck,Vacuum Truck,85.0,23.93,4.07,7.38,3.3,0.0,,85.0,0.0,0.0,58.2,test
2026-07-29,VT 08,Vacuum Truck,Vacuum Truck,86.5,0.01,4.39,7.75,3.36,0.0,,86.5,0.0,0.0,63.0,test
2026-07-30,VT 08,Vacuum Truck,Vacuum Truck,118.8,0.05,5.82,10.68,4.86,0.0,,118.8,218.3,0.0,66.7,test
2026-07-31,VT 08,Vacuum Truck,Vacuum Truck,82.1,23.91,4.26,7.11,2.85,0.0,,82.1,0.0,0.0,53.6,test
2026-08-01,VT 08,Vacuum Truck,Vacuum Truck,86.9,24.0,4.42,8.03,3.61,0.0,,86.7,0.0,0.0,57.6,test
2026-08-04,VT 08,Vacuum Truck,Vacuum Truck,93.1,9.81,5.11,8.97,3.86,0.0,,93.1,0.0,50.1,55.7,test
2026-08-05,VT 08,Vacuum Truck,Vacuum Truck,99.6,9.96,5.63,9.95,4.32,0.0,,99.6,185.9,0.0,60.7,test
2026-08-06,VT 08,Vacuum Truck,Vacuum Truck,93.2,9.11,5.25,9.11,3.86,0.0,,93.2,0.0,43.0,51.1,test
2026-08-07,VT 08,Vacuum Truck,Vacuum Truck,103.9,10.42,6.02,10.42,4.4,0.0,,103.9,0.0,0.0,53.4,test
2026-08-08,VT 08,Vacuum Truck,Vacuum Truck,102.3,11.39,6.2,10.54,4.35,0.0,,102.3,198.5,39.7,51.3,test
2026-08-09,VT 08,Vacuum Truck,Vacuum Truck,85.9,11.13,4.55,8.62,4.06,0.0,,85.9,0.0,0.0,43.8,test
2026-08-10,VT 08,Vacuum Truck,Vacuum Truck,48.4,5.08,3.0,5.08,2.09,0.0,,47.8,0.0,0.0,29.6,test
2026-08-11,VT 08,Vacuum Truck,Vacuum Truck,89.0,0.0,5.69,11.39,5.69,0.0,,87.7,206.3,0.0,68.0,test
2026-08-12,VT 08,Vacuum Truck,Vacuum Truck,84.9,23.9,4.43,7.31,2.89,0.0,,85.2,0.0,0.0,56.9,test
2026-08-13,VT 08,Vacuum Truck,Vacuum Truck,86.2,0.0,4.38,7.02,2.64,0.0,,84.0,0.0,0.0,52.0,test
2026-08-14,VT 08,Vacuum Truck,Vacuum Truck,108.9,0.0,5.64,8.67,3.02,0.0,,109.9,174.8,0.0,46.2,test
2026-08-15,VT 08,Vacuum Truck,Vacuum Truck,79.5,23.96,3.87,7.33,3.46,0.0,,79.5,0.0,0.0,55.4,test
2026-08-16,VT 08,Vacuum Truck,Vacuum Truck,89.7,0.0,4.56,8.69,4.12,0.0,,91.2,0.0,0.0,65.1,test
2026-08-17,VT 08,Vacuum Truck,Vacuum Truck,117.1,23.68,5.73,8.22,2.48,0.0,,116.2,169.6,0.0,41.0,test
2026-08-18,VT 08,Vacuum Truck,Vacuum Truck,79.5,0.0,4.14,6.79,2.64,0.0,,78.0,0.0,0.0,54.5,test
2026-08-19,VT 08,Vacuum Truck,Vacuum Truck,86.1,23.94,4.53,7.46,2.93,0.0,,86.9,0.0,0.0,64.5,test
2026-08-20,VT 08,Vacuum Truck,Vacuum Truck,123.5,0.0,6.59,10.54,3.96,0.0,,121.1,169.9,0.0,42.6,test
2026-03-25,VT 09,Vacuum Truck,Vacuum Truck,69.8,11.42,5.73,10.5,4.78,0.0,,69.8,0.0,10.4,9.1,train
2026-04-08,VT 09,Vacuum Truck,Vacuum Truck,44.7,8.73,3.18,5.63,2.46,0.0,,44.7,0.0,0.0,13.7,train
2026-04-10,VT 09,Vacuum Truck,Vacuum Truck,65.3,10.12,4.33,6.51,2.18,0.0,,65.3,0.0,11.2,9.2,train
2026-04-11,VT 09,Vacuum Truck,Vacuum Truck,34.4,8.77,1.99,2.33,0.35,0.0,,34.4,0.0,0.0,6.6,train
2026-04-13,VT 09,Vacuum Truck,Vacuum Truck,17.1,6.91,2.13,4.08,1.95,0.0,,17.1,0.0,10.4,10.5,train
2026-04-14,VT 09,Vacuum Truck,Vacuum Truck,51.8,10.98,2.96,5.27,2.31,0.0,,51.8,13.1,0.0,15.3,train
2026-04-15,VT 09,Vacuum Truck,Vacuum Truck,38.5,10.25,2.99,4.93,1.95,0.0,,38.5,0.0,0.0,9.2,train
2026-04-17,VT 09,Vacuum Truck,Vacuum Truck,52.7,9.69,3.91,6.55,2.64,0.0,,52.7,74.9,0.0,11.8,train
2026-04-18,VT 09,Vacuum Truck,Vacuum Truck,69.9,9.48,5.47,6.56,1.1,0.0,,69.9,0.0,0.0,18.7,train
2026-04-19,VT 09,Vacuum Truck,Vacuum Truck,70.4,10.51,5.81,7.18,1.36,0.0,,70.4,0.0,0.0,22.7,train
2026-04-20,VT 09,Vacuum Truck,Vacuum Truck,69.4,10.06,5.01,8.42,3.41,0.0,,69.4,0.0,0.0,17.1,train
2026-04-22,VT 09,Vacuum Truck,Vacuum Truck,67.6,10.05,4.77,7.45,2.68,0.0,,67.6,80.6,0.0,19.3,train
2026-04-23,VT 09,Vacuum Truck,Vacuum Truck,52.7,10.22,4.05,6.57,2.52,0.0,,52.7,0.0,0.0,16.4,train
2026-04-24,VT 09,Vacuum Truck,Vacuum Truck,52.6,9.24,3.76,5.4,1.64,0.0,,52.6,0.0,0.0,15.6,train
2026-04-25,VT 09,Vacuum Truck,Vacuum Truck,63.3,8.71,4.95,6.6,1.65,0.0,,63.3,0.0,0.0,17.6,train
2026-04-30,VT 09,Vacuum Truck,Vacuum Truck,52.6,9.57,3.63,5.33,1.7,0.0,,52.6,0.0,0.0,7.8,train
2026-05-01,VT 09,Vacuum Truck,Vacuum Truck,67.4,10.62,4.86,7.36,2.5,0.0,,67.4,34.6,35.6,25.4,train
2026-05-02,VT 09,Vacuum Truck,Vacuum Truck,63.9,9.03,4.85,6.14,1.3,0.0,,63.9,66.5,0.0,27.2,train
2026-05-03,VT 09,Vacuum Truck,Vacuum Truck,54.5,8.64,3.9,6.46,2.56,0.0,,54.5,0.0,0.0,11.1,train
2026-05-04,VT 09,Vacuum Truck,Vacuum Truck,52.9,9.33,3.84,5.08,1.25,0.0,,52.9,0.0,0.0,15.5,train
2026-05-05,VT 09,Vacuum Truck,Vacuum Truck,47.9,5.45,2.91,3.92,1.01,0.0,,47.9,0.0,0.0,7.7,train
2026-05-06,VT 09,Vacuum Truck,Vacuum Truck,51.5,11.93,3.3,3.94,0.64,0.0,,51.5,0.0,0.0,9.8,train
2026-05-07,VT 09,Vacuum Truck,Vacuum Truck,34.5,8.79,1.81,1.91,0.11,0.0,,34.5,59.3,0.0,7.2,train
2026-05-08,VT 09,Vacuum Truck,Vacuum Truck,25.1,6.42,2.18,5.26,3.08,0.0,,25.1,0.0,0.0,10.7,train
2026-05-09,VT 09,Vacuum Truck,Vacuum Truck,51.6,6.23,3.16,3.66,0.5,0.0,,51.6,0.0,0.0,8.9,train
2026-05-10,VT 09,Vacuum Truck,Vacuum Truck,45.9,8.89,3.06,3.87,0.81,0.0,,45.9,0.0,0.0,15.4,train
2026-05-11,VT 09,Vacuum Truck,Vacuum Truck,38.8,7.96,3.23,6.64,3.41,0.0,,38.8,0.0,0.0,12.9,train
2026-05-12,VT 09,Vacuum Truck,Vacuum Truck,68.9,8.87,3.96,7.32,3.36,0.0,,68.9,52.4,0.0,21.5,train
2026-05-13,VT 09,Vacuum Truck,Vacuum Truck,67.5,8.79,3.99,5.75,1.76,0.0,,67.5,0.0,0.0,16.5,train
2026-05-14,VT 09,Vacuum Truck,Vacuum Truck,60.8,11.31,3.81,6.33,2.52,0.0,,60.8,0.0,0.0,8.9,train
2026-05-15,VT 09,Vacuum Truck,Vacuum Truck,48.1,9.94,3.75,5.21,1.46,0.0,,48.1,0.0,0.0,12.0,train
2026-05-16,VT 09,Vacuum Truck,Vacuum Truck,29.9,9.5,2.43,5.24,2.81,0.0,,29.9,0.0,0.0,11.3,train
2026-05-17,VT 09,Vacuum Truck,Vacuum Truck,48.9,9.91,4.2,5.68,1.48,0.0,,48.9,64.2,0.0,12.8,train
2026-05-18,VT 09,Vacuum Truck,Vacuum Truck,94.1,12.95,3.84,9.35,5.51,0.0,,122.7,0.0,12.3,14.2,train
2026-05-20,VT 09,Vacuum Truck,Vacuum Truck,58.8,10.35,5.19,8.56,3.38,0.0,,58.8,0.0,0.0,18.2,train
2026-05-22,VT 09,Vacuum Truck,Vacuum Truck,55.3,8.33,3.71,5.31,1.6,0.0,,55.3,63.2,0.0,15.1,train
2026-05-23,VT 09,Vacuum Truck,Vacuum Truck,46.7,10.64,5.04,8.47,3.43,0.0,,46.8,0.0,0.0,21.4,train
2026-05-24,VT 09,Vacuum Truck,Vacuum Truck,29.1,10.33,2.94,4.97,2.03,0.0,,29.1,0.0,0.0,4.8,train
2026-05-25,VT 09,Vacuum Truck,Vacuum Truck,54.2,11.46,4.7,8.15,3.45,0.0,,54.2,0.0,0.0,12.2,train
2026-05-26,VT 09,Vacuum Truck,Vacuum Truck,68.0,12.61,5.56,9.37,3.81,0.0,,68.0,0.0,0.0,15.7,train
2026-05-27,VT 09,Vacuum Truck,Vacuum Truck,53.3,8.4,3.18,5.04,1.86,0.0,,53.3,62.1,0.0,13.3,train
2026-05-28,VT 09,Vacuum Truck,Vacuum Truck,51.4,11.33,4.7,6.39,1.7,0.0,,51.4,10.2,0.0,22.4,train
2026-05-29,VT 09,Vacuum Truck,Vacuum Truck,72.1,11.65,5.85,9.74,3.9,0.0,,72.1,0.0,0.0,17.1,train
2026-05-30,VT 09,Vacuum Truck,Vacuum Truck,85.6,10.04,5.46,8.03,2.57,0.0,,85.6,0.0,0.0,13.7,train
2026-05-31,VT 09,Vacuum Truck,Vacuum Truck,42.3,9.78,3.86,7.71,3.85,0.0,,42.3,0.0,0.0,10.6,train
2026-06-02,VT 09,Vacuum Truck,Vacuum Truck,63.0,6.61,3.92,5.85,1.93,0.0,,63.0,0.0,0.0,13.8,train
2026-06-03,VT 09,Vacuum Truck,Vacuum Truck,22.3,7.48,2.86,6.44,3.58,0.0,,22.3,0.0,0.0,11.2,train
2026-06-04,VT 09,Vacuum Truck,Vacuum Truck,50.0,17.7,2.99,17.18,14.19,0.0,,50.0,0.0,0.0,7.7,train
2026-06-05,VT 09,Vacuum Truck,Vacuum Truck,66.6,8.6,4.47,5.69,1.21,0.0,,66.6,0.0,0.0,13.5,train
2026-06-06,VT 09,Vacuum Truck,Vacuum Truck,50.8,7.22,3.2,4.82,1.62,0.0,,50.8,59.4,0.0,14.6,train
2026-06-07,VT 09,Vacuum Truck,Vacuum Truck,56.3,8.7,3.91,8.39,4.47,0.0,,56.3,0.0,0.0,18.0,train
2026-06-08,VT 09,Vacuum Truck,Vacuum Truck,61.6,9.4,3.94,5.14,1.2,0.0,,61.6,0.0,0.0,13.4,train
2026-06-09,VT 09,Vacuum Truck,Vacuum Truck,50.3,8.13,3.26,6.98,3.72,0.0,,50.3,0.0,0.0,9.4,train
2026-06-10,VT 09,Vacuum Truck,Vacuum Truck,8.1,12.15,1.16,1.3,0.14,0.0,,8.1,0.0,0.0,2.3,train
2026-06-12,VT 09,Vacuum Truck,Vacuum Truck,0.0,9.54,0.64,1.06,0.42,0.0,,0.0,0.0,0.0,7.3,train
2026-06-13,VT 09,Vacuum Truck,Vacuum Truck,67.8,11.25,5.76,8.59,2.82,0.0,,67.8,25.3,0.0,20.0,train
2026-06-14,VT 09,Vacuum Truck,Vacuum Truck,63.4,9.58,4.78,7.43,2.65,0.0,,63.4,0.0,0.0,13.9,train
2026-06-15,VT 09,Vacuum Truck,Vacuum Truck,56.1,9.8,4.19,5.91,1.73,0.0,,56.1,75.8,0.0,12.0,train
2026-06-16,VT 09,Vacuum Truck,Vacuum Truck,138.7,11.28,8.13,9.54,1.41,0.0,,138.7,0.0,0.0,32.0,train
2026-06-17,VT 09,Vacuum Truck,Vacuum Truck,67.4,11.14,5.14,8.07,2.94,0.0,,67.4,0.0,0.0,9.1,train
2026-06-18,VT 09,Vacuum Truck,Vacuum Truck,63.4,11.49,4.95,7.43,2.49,0.0,,63.4,0.0,0.0,10.1,train
2026-06-19,VT 09,Vacuum Truck,Vacuum Truck,63.4,10.44,6.19,7.5,1.31,0.0,,63.4,0.0,0.0,12.8,train
2026-06-20,VT 09,Vacuum Truck,Vacuum Truck,86.6,10.8,6.03,8.42,2.39,0.0,,86.6,75.9,0.0,20.1,train
2026-06-21,VT 09,Vacuum Truck,Vacuum Truck,88.6,11.8,6.08,9.85,3.78,0.0,,88.6,0.0,0.0,22.5,train
2026-06-22,VT 09,Vacuum Truck,Vacuum Truck,43.3,11.15,4.41,7.59,3.18,0.0,,43.3,0.0,0.0,10.5,train
2026-06-23,VT 09,Vacuum Truck,Vacuum Truck,63.5,10.34,4.71,6.84,2.13,0.0,,63.5,0.0,0.0,12.0,train
2026-06-24,VT 09,Vacuum Truck,Vacuum Truck,40.3,8.92,3.34,3.71,0.37,0.0,,40.3,0.0,0.0,7.4,train
2026-06-25,VT 09,Vacuum Truck,Vacuum Truck,75.5,12.92,5.03,7.03,2.0,0.0,,75.5,73.3,0.0,15.3,train
2026-06-26,VT 09,Vacuum Truck,Vacuum Truck,63.8,10.28,4.95,6.5,1.55,0.0,,63.8,10.2,10.7,13.8,train
2026-06-27,VT 09,Vacuum Truck,Vacuum Truck,63.9,9.35,4.62,5.82,1.2,0.0,,63.9,0.0,0.0,16.2,train
2026-06-28,VT 09,Vacuum Truck,Vacuum Truck,65.3,10.76,5.16,6.85,1.69,0.0,,65.3,0.0,0.0,12.5,train
2026-06-29,VT 09,Vacuum Truck,Vacuum Truck,63.2,10.41,4.49,7.36,2.87,0.0,,63.2,0.0,0.0,12.3,train
2026-06-30,VT 09,Vacuum Truck,Vacuum Truck,51.3,7.85,3.45,5.1,1.65,0.0,,51.3,69.7,0.0,17.5,train
2026-07-01,VT 09,Vacuum Truck,Vacuum Truck,66.9,9.04,4.34,6.49,2.15,0.0,,66.9,0.0,0.0,20.4,train
2026-07-02,VT 09,Vacuum Truck,Vacuum Truck,63.2,7.84,4.1,5.56,1.46,0.0,,63.2,0.0,0.0,15.7,train
2026-07-03,VT 09,Vacuum Truck,Vacuum Truck,48.9,8.03,2.95,4.33,1.38,0.0,,48.9,48.0,0.0,15.0,train
2026-07-04,VT 09,Vacuum Truck,Vacuum Truck,48.7,6.35,3.18,4.39,1.21,0.0,,48.7,0.0,0.0,14.2,train
2026-07-05,VT 09,Vacuum Truck,Vacuum Truck,48.0,5.82,3.26,4.41,1.15,0.0,,48.0,0.0,0.0,11.3,train
2026-07-06,VT 09,Vacuum Truck,Vacuum Truck,46.6,6.87,2.98,3.94,0.96,0.0,,46.6,0.0,0.0,12.7,train
2026-07-07,VT 09,Vacuum Truck,Vacuum Truck,61.1,7.85,3.88,6.78,2.9,0.0,,61.1,53.7,0.0,20.0,train
2026-07-08,VT 09,Vacuum Truck,Vacuum Truck,65.5,6.6,4.21,5.5,1.29,0.0,,65.5,0.0,0.0,19.0,train
2026-07-09,VT 09,Vacuum Truck,Vacuum Truck,74.0,11.57,5.52,9.02,3.49,0.0,,74.0,0.0,0.0,12.7,train
2026-07-10,VT 09,Vacuum Truck,Vacuum Truck,39.6,9.01,3.0,3.6,0.59,0.0,,39.6,0.0,0.0,11.6,train
2026-07-11,VT 09,Vacuum Truck,Vacuum Truck,80.9,11.77,5.63,8.69,3.06,0.0,,80.9,58.4,0.0,18.1,train
2026-07-12,VT 09,Vacuum Truck,Vacuum Truck,49.1,11.4,4.18,9.61,5.43,0.0,,49.1,0.0,0.0,18.3,train
2026-07-13,VT 09,Vacuum Truck,Vacuum Truck,45.8,9.32,4.04,7.58,3.54,0.0,,45.8,0.0,0.0,14.3,train
2026-07-14,VT 09,Vacuum Truck,Vacuum Truck,68.1,10.02,5.24,8.41,3.17,0.0,,68.1,10.1,0.0,24.4,train
2026-07-15,VT 09,Vacuum Truck,Vacuum Truck,40.0,9.54,3.47,5.82,2.35,0.0,,40.0,65.1,0.0,13.3,train
2026-07-16,VT 09,Vacuum Truck,Vacuum Truck,31.0,10.36,2.7,8.48,5.78,0.0,,31.0,0.0,0.0,12.5,train
2026-07-17,VT 09,Vacuum Truck,Vacuum Truck,34.0,10.61,3.03,8.81,5.77,0.0,,34.0,0.0,0.0,14.5,train
2026-07-18,VT 09,Vacuum Truck,Vacuum Truck,72.8,9.96,5.09,7.93,2.83,0.0,,72.8,0.0,0.0,20.7,train
2026-07-19,VT 09,Vacuum Truck,Vacuum Truck,73.6,11.01,5.89,10.2,4.3,0.0,,73.6,55.8,0.0,19.7,train
2026-07-20,VT 09,Vacuum Truck,Vacuum Truck,86.8,11.0,4.88,7.7,2.82,0.0,,86.8,0.0,0.0,18.0,train
2026-07-21,VT 09,Vacuum Truck,Vacuum Truck,20.8,4.96,2.23,3.43,1.21,0.0,,20.8,0.0,0.0,9.1,train
2026-07-22,VT 09,Vacuum Truck,Vacuum Truck,85.9,9.62,4.8,6.7,1.9,0.0,,85.9,0.0,0.0,13.1,train
2026-07-23,VT 09,Vacuum Truck,Vacuum Truck,59.7,11.06,4.05,8.87,4.82,0.0,,59.7,59.2,0.0,19.9,train
2026-07-24,VT 09,Vacuum Truck,Vacuum Truck,42.4,11.19,3.45,9.11,5.66,0.0,,42.4,0.0,0.0,14.9,train
2026-07-25,VT 09,Vacuum Truck,Vacuum Truck,77.6,11.5,5.65,9.46,3.8,0.0,,77.6,0.0,10.4,15.3,test
2026-07-26,VT 09,Vacuum Truck,Vacuum Truck,31.1,13.22,2.42,5.88,3.46,0.0,,31.1,0.0,0.0,8.4,test
2026-07-27,VT 09,Vacuum Truck,Vacuum Truck,76.7,10.07,5.56,8.3,2.74,0.0,,76.7,59.1,0.0,15.2,test
2026-07-28,VT 09,Vacuum Truck,Vacuum Truck,63.2,7.47,4.54,6.84,2.3,0.0,,63.2,0.0,0.0,20.2,test
2026-07-29,VT 09,Vacuum Truck,Vacuum Truck,37.9,6.7,2.47,3.28,0.8,0.0,,37.9,0.0,0.0,9.0,test
2026-07-30,VT 09,Vacuum Truck,Vacuum Truck,48.4,7.12,3.32,4.8,1.48,0.0,,48.4,0.0,0.0,11.8,test
2026-07-31,VT 09,Vacuum Truck,Vacuum Truck,34.6,7.75,1.97,2.05,0.07,0.0,,34.6,54.0,0.0,9.4,test
2026-08-01,VT 09,Vacuum Truck,Vacuum Truck,25.6,8.45,2.79,6.46,3.67,0.0,,25.6,0.0,0.0,12.3,test
2026-08-02,VT 09,Vacuum Truck,Vacuum Truck,59.0,11.83,4.0,5.53,1.52,0.0,,59.0,0.0,0.0,14.3,test
2026-08-03,VT 09,Vacuum Truck,Vacuum Truck,46.0,7.83,2.57,2.94,0.37,0.0,,46.0,0.0,0.0,9.4,test
2026-08-04,VT 09,Vacuum Truck,Vacuum Truck,48.5,6.4,3.08,3.91,0.83,0.0,,48.5,42.5,0.0,14.3,test
2026-08-05,VT 09,Vacuum Truck,Vacuum Truck,52.7,10.32,4.43,7.67,3.24,0.0,,52.7,0.0,0.0,19.7,test
2026-08-06,VT 09,Vacuum Truck,Vacuum Truck,58.9,9.68,4.18,5.07,0.9,0.0,,58.9,0.0,0.0,7.2,test
2026-08-07,VT 09,Vacuum Truck,Vacuum Truck,44.7,10.25,3.25,7.37,4.12,0.0,,44.7,0.0,0.0,11.1,test
2026-08-08,VT 09,Vacuum Truck,Vacuum Truck,55.3,9.35,4.48,6.71,2.23,0.0,,55.3,53.7,0.0,20.6,test
2026-08-09,VT 09,Vacuum Truck,Vacuum Truck,58.8,8.93,4.3,7.07,2.77,0.0,,58.8,0.0,0.0,11.6,test
2026-08-10,VT 09,Vacuum Truck,Vacuum Truck,75.5,10.86,5.09,10.02,4.93,0.0,,75.5,0.0,11.4,8.4,test
2026-08-11,VT 09,Vacuum Truck,Vacuum Truck,65.3,9.2,5.17,8.03,2.85,0.0,,65.3,0.0,0.0,13.4,test
2026-08-12,VT 09,Vacuum Truck,Vacuum Truck,40.2,7.69,3.51,4.98,1.47,0.0,,40.2,62.3,0.0,12.4,test
2026-08-13,VT 09,Vacuum Truck,Vacuum Truck,37.7,10.2,3.07,5.19,2.12,0.0,,37.7,0.0,0.0,8.9,test
2026-08-14,VT 09,Vacuum Truck,Vacuum Truck,77.8,10.26,6.0,8.76,2.75,0.0,,77.8,0.0,0.0,18.8,test
2026-08-16,VT 09,Vacuum Truck,Vacuum Truck,40.6,8.76,3.23,5.66,2.43,0.0,,40.6,53.4,0.0,13.4,test
2026-08-18,VT 09,Vacuum Truck,Vacuum Truck,77.9,8.05,4.48,6.2,1.72,0.0,,77.9,0.0,0.0,18.3,test
2026-08-19,VT 09,Vacuum Truck,Vacuum Truck,48.9,10.8,4.4,8.65,4.26,0.0,,48.9,0.0,0.0,13.7,test
2026-08-20,VT 09,Vacuum Truck,Vacuum Truck,73.8,11.37,5.63,8.66,3.03,0.0,,73.8,58.0,0.0,20.9,test
2026-04-15,Wheel Crane,Crane,Crane,11.5,3.8,1.31,3.74,2.43,1.0,15.0,11.5,41.4,0.0,44.8,train
2026-04-16,Wheel Crane,Crane,Crane,39.9,6.4,2.45,5.5,3.05,1.0,45.0,39.9,67.6,0.0,82.1,train
2026-04-17,Wheel Crane,Crane,Crane,8.2,7.33,1.53,5.65,4.12,4.0,10.0,8.2,78.0,0.0,65.0,train
2026-04-18,Wheel Crane,Crane,Crane,13.0,7.29,1.52,5.9,4.37,5.0,15.0,13.0,99.0,0.0,72.4,train
2026-04-19,Wheel Crane,Crane,Crane,8.2,9.7,1.26,6.84,5.58,3.0,15.0,8.2,62.8,0.0,89.8,train
2026-04-21,Wheel Crane,Crane,Crane,64.7,4.81,2.78,3.83,1.06,4.0,70.0,64.7,138.1,0.0,109.2,train
2026-04-23,Wheel Crane,Crane,Crane,29.7,7.11,1.94,6.08,4.14,4.0,90.0,29.7,159.0,0.0,90.9,train
2026-04-26,Wheel Crane,Crane,Crane,8.9,5.3,1.0,4.6,3.61,2.0,10.0,8.9,51.7,0.0,85.1,train
2026-04-28,Wheel Crane,Crane,Crane,70.1,8.72,3.78,5.32,1.54,1.0,77.0,70.1,100.6,0.0,131.7,train
2026-04-29,Wheel Crane,Crane,Crane,32.2,7.91,2.16,6.15,3.99,3.0,77.0,32.2,131.4,0.0,87.4,train
2026-05-02,Wheel Crane,Crane,Crane,1.8,5.88,1.15,5.55,4.4,2.0,2.0,1.8,40.0,0.0,32.7,train
2026-05-09,Wheel Crane,Crane,Crane,8.9,7.87,1.52,4.53,3.0,5.0,25.0,8.9,83.1,0.0,81.1,train
2026-05-10,Wheel Crane,Crane,Crane,5.5,9.35,1.21,8.23,7.02,5.0,35.0,5.5,105.7,0.0,100.4,train
2026-05-13,Wheel Crane,Crane,Crane,104.5,11.71,6.2,9.61,3.41,1.0,160.0,104.5,214.7,0.0,90.8,train
2026-05-19,Wheel Crane,Crane,Crane,86.4,9.2,4.7,7.89,3.19,2.0,85.0,86.4,119.0,0.0,134.2,train
2026-05-20,Wheel Crane,Crane,Crane,44.3,7.8,4.31,6.92,2.61,6.0,85.0,44.3,164.3,0.0,76.8,train
2026-05-21,Wheel Crane,Crane,Crane,25.5,7.6,1.49,5.82,4.32,6.0,85.0,25.5,57.1,0.0,70.2,train
2026-05-26,Wheel Crane,Crane,Crane,26.6,6.36,2.43,4.74,2.31,4.0,15.0,26.6,90.7,0.0,118.6,train
2026-05-29,Wheel Crane,Crane,Crane,77.8,9.2,4.37,7.24,2.87,4.0,85.0,77.8,152.5,0.0,154.1,train
2026-05-30,Wheel Crane,Crane,Crane,70.6,8.94,3.72,7.79,4.07,4.0,90.0,70.6,172.4,0.0,160.2,train
2026-06-05,Wheel Crane,Crane,Crane,33.8,8.08,1.84,7.97,6.12,6.0,40.0,33.8,164.7,129.4,52.9,train
2026-06-06,Wheel Crane,Crane,Crane,1.9,3.91,0.75,2.69,1.94,3.0,2.0,1.9,73.8,71.0,23.0,train
2026-06-08,Wheel Crane,Crane,Crane,60.8,8.59,3.19,7.3,4.12,6.0,35.0,60.8,121.5,0.0,132.5,train
2026-06-09,Wheel Crane,Crane,Crane,18.0,6.14,1.47,4.39,2.92,6.0,30.0,18.0,155.5,62.3,57.9,train
2026-06-11,Wheel Crane,Crane,Crane,35.0,7.36,2.11,4.84,2.73,6.0,50.0,35.0,166.4,71.6,102.3,train
2026-06-12,Wheel Crane,Crane,Crane,34.0,10.44,2.05,5.83,3.78,6.0,50.0,34.0,144.9,79.6,46.0,train
2026-06-13,Wheel Crane,Crane,Crane,35.0,6.8,1.69,5.15,3.47,6.0,50.0,35.0,146.1,0.0,150.2,train
2026-06-16,Wheel Crane,Crane,Crane,71.2,8.2,3.51,7.86,4.34,5.0,90.0,71.2,203.6,0.0,172.9,train
2026-06-22,Wheel Crane,Crane,Crane,72.4,9.7,3.72,7.51,3.79,4.0,83.0,72.4,195.2,0.0,200.4,train
2026-07-07,Wheel Crane,Crane,Crane,18.1,6.61,1.63,4.29,2.66,4.0,20.0,18.1,92.2,0.0,84.0,train
2026-07-14,Wheel Crane,Crane,Crane,39.2,8.34,3.0,7.02,4.02,6.0,68.0,39.2,114.1,0.0,120.4,test
2026-07-15,Wheel Crane,Crane,Crane,3.9,6.65,0.88,6.42,5.54,6.0,45.0,3.9,63.7,0.0,36.9,test
2026-07-17,Wheel Crane,Crane,Crane,35.1,2.56,1.64,1.79,0.15,3.0,80.0,35.1,66.5,0.0,23.9,test
2026-07-19,Wheel Crane,Crane,Crane,1.9,3.99,0.55,3.44,2.89,4.0,2.0,1.9,71.2,70.9,23.7,test
2026-07-20,Wheel Crane,Crane,Crane,39.7,7.98,2.74,6.54,3.8,5.0,135.0,39.7,190.9,44.2,130.5,test
2026-07-21,Wheel Crane,Crane,Crane,22.7,6.97,2.22,6.64,4.43,4.0,100.0,22.7,74.3,42.8,77.1,test
2026-07-27,Wheel Crane,Crane,Crane,5.0,5.53,1.4,2.04,0.64,1.0,20.0,5.0,53.6,0.0,23.5,test
2026-08-12,Wheel Crane,Crane,Crane,34.0,6.69,2.3,5.17,2.88,4.0,70.0,34.0,80.6,0.0,107.6,test
2026-03-15,Winch Truck,Truck,Truck,9.0,6.92,1.08,6.68,5.61,0.0,,9.0,60.4,50.2,26.3,train
2026-03-19,Winch Truck,Truck,Truck,0.0,0.39,0.39,0.39,0.0,0.0,,0.0,0.0,66.7,0.4,train
2026-04-18,Winch Truck,Truck,Truck,8.2,6.09,1.17,3.45,2.28,0.0,20.0,8.2,0.0,0.0,1.9,train
2026-04-21,Winch Truck,Truck,Truck,65.4,5.26,3.14,4.37,1.23,0.0,70.0,65.4,46.0,0.0,36.7,train
2026-04-23,Winch Truck,Truck,Truck,58.8,7.24,2.88,6.13,3.25,0.0,90.0,58.8,143.9,0.0,31.7,train
2026-04-24,Winch Truck,Truck,Truck,38.8,9.4,2.12,2.49,0.37,0.0,,0.0,0.0,61.4,0.9,train
2026-05-29,Winch Truck,Truck,Truck,81.4,7.48,4.1,6.62,2.53,0.0,85.0,81.4,107.2,136.0,39.2,train
2026-05-30,Winch Truck,Truck,Truck,0.0,0.7,0.26,0.52,0.26,0.0,,0.0,0.0,0.0,3.7,train
2026-05-31,Winch Truck,Truck,Truck,1.9,4.98,0.54,0.68,0.14,0.0,,1.9,0.0,0.0,1.7,train
2026-06-03,Winch Truck,Truck,Truck,1.9,1.16,0.04,1.16,1.12,0.0,,1.9,0.0,0.0,2.5,train
2026-06-08,Winch Truck,Truck,Truck,60.9,7.38,2.68,7.35,4.67,0.0,35.0,60.9,34.9,0.0,23.1,train
2026-06-11,Winch Truck,Truck,Truck,1.9,4.05,0.66,1.12,0.45,0.0,,1.9,0.0,0.0,21.7,train
2026-06-13,Winch Truck,Truck,Truck,0.0,1.93,0.5,0.51,0.01,0.0,,0.0,0.0,0.0,0.8,train
2026-06-16,Winch Truck,Truck,Truck,88.3,7.23,3.91,6.93,3.02,0.0,90.0,88.3,160.6,109.3,36.6,train
2026-06-18,Winch Truck,Truck,Truck,2.5,1.74,0.92,1.74,0.83,0.0,,2.5,47.2,39.4,8.5,train
2026-06-19,Winch Truck,Truck,Truck,0.0,0.12,0.06,0.12,0.05,0.0,,0.0,0.0,0.0,0.3,train
2026-06-22,Winch Truck,Truck,Truck,72.7,8.07,3.55,5.53,1.99,0.0,83.0,72.7,96.7,0.0,43.9,train
2026-06-26,Winch Truck,Truck,Truck,2.2,5.01,0.79,1.06,0.26,0.0,,2.2,175.4,0.0,8.6,train
2026-06-29,Winch Truck,Truck,Truck,0.0,0.46,0.44,0.46,0.03,0.0,,0.0,0.0,230.2,20.1,train
2026-07-04,Winch Truck,Truck,Truck,2.1,5.38,0.89,1.32,0.43,0.0,,2.1,0.0,0.0,3.5,train
2026-07-05,Winch Truck,Truck,Truck,8.0,6.21,1.46,5.54,4.08,0.0,,8.0,37.8,0.0,11.6,train
2026-07-11,Winch Truck,Truck,Truck,2.0,4.51,0.46,0.82,0.37,0.0,,2.0,0.0,0.0,21.1,train
2026-07-14,Winch Truck,Truck,Truck,77.9,8.3,4.41,6.52,2.12,0.0,,77.9,0.0,58.4,8.4,train
2026-07-17,Winch Truck,Truck,Truck,2.0,1.07,0.6,0.91,0.31,0.0,,2.0,0.0,0.0,16.4,train
2026-07-20,Winch Truck,Truck,Truck,75.0,8.19,3.92,6.75,2.82,0.0,135.0,75.0,147.3,0.0,35.1,train
2026-07-21,Winch Truck,Truck,Truck,0.0,5.18,0.43,0.52,0.1,0.0,,0.0,0.0,61.3,24.1,train
2026-07-25,Winch Truck,Truck,Truck,0.0,3.16,0.55,0.73,0.18,0.0,,0.0,0.0,0.0,1.7,train
2026-07-28,Winch Truck,Truck,Truck,0.0,1.83,0.58,0.61,0.03,0.0,,0.0,0.0,0.0,34.5,train
2026-07-29,Winch Truck,Truck,Truck,1.9,0.58,0.48,0.52,0.04,0.0,,0.0,0.0,0.0,0.4,train
2026-08-01,Winch Truck,Truck,Truck,1.8,1.23,0.64,0.94,0.3,0.0,,1.8,0.0,0.0,28.3,train
2026-08-02,Winch Truck,Truck,Truck,48.1,7.34,3.32,5.54,2.22,0.0,,48.1,91.2,0.0,34.5,train
2026-08-03,Winch Truck,Truck,Truck,0.0,0.42,0.28,0.29,0.01,0.0,,0.0,167.7,0.0,0.1,train
2026-08-05,Winch Truck,Truck,Truck,1.8,0.68,0.47,0.51,0.04,0.0,,1.8,0.0,0.0,3.8,test
2026-08-06,Winch Truck,Truck,Truck,47.9,7.49,3.44,6.58,3.14,0.0,,47.9,77.2,0.0,21.0,test
2026-08-08,Winch Truck,Truck,Truck,67.7,6.64,3.95,5.43,1.47,0.0,,67.7,133.9,35.4,27.8,test
2026-08-09,Winch Truck,Truck,Truck,41.1,5.58,2.59,4.24,1.65,0.0,,41.1,63.0,73.6,25.3,test
2026-08-10,Winch Truck,Truck,Truck,8.3,7.03,1.38,3.67,2.29,0.0,,8.3,43.3,0.0,9.9,test
2026-08-12,Winch Truck,Truck,Truck,62.9,5.39,3.25,4.52,1.27,0.0,70.0,62.9,60.4,138.7,32.3,test
2026-08-15,Winch Truck,Truck,Truck,1.8,0.9,0.66,0.9,0.24,0.0,,1.8,0.0,0.0,3.2,test
2026-08-18,Winch Truck,Truck,Truck,1.9,0.66,0.39,0.41,0.01,0.0,,1.9,125.4,0.0,0.9,test
2026-08-19,Winch Truck,Truck,Truck,0.0,3.36,0.58,0.9,0.32,0.0,,0.0,0.0,131.2,20.7,test
